Version;FieldName;sigla_unidade_ensino;nome_unidade_ensino;dt_autorizacao;sigla_uf_unidade_ensino;nome_municipio_unidade_ensino
2;;null;ASSOCIAÇÃO TÉCNICO EDUCACIONAL EQUIPE;03/02/2015 17:31:40;RS;Sapucaia do Sul
2;;null;CEFET DO MARANHAO;14/02/2014 19:44:56;MA;Tutóia
2;;null;CEFET MG CAMPUS II;23/06/2010 14:27:47;MG;Belo Horizonte
2;;null;CEFET-MG/campusV/Divinópolis;06/04/2009 08:07:15;MG;Divinópolis
2;;null;CEFET - MG UNED contagem;21/03/2012 16:58:14;MG;Contagem
2;;null;CEFET - MG UNED contagem;21/03/2012 16:58:30;MG;Contagem
2;;null;CEFET- MINAS Campus Contagem;21/03/2012 16:15:01;MG;Contagem
2;;null;CEMAB;05/07/2013 18:18:53;DF;Brasília
2;;null;CENTRO DE EDUCAÇÃO TECNOLÓGICA E PESQUISA EM SAÚDE- CETPS-ESCOLA GHC;26/12/2017 11:47:37;RS;Porto Alegre
2;;null;CENTRO DE ENSINO TÉCNICO IPIRANGA;27/01/2014 12:47:34;SP;Mogi das Cruzes
2;;null;CENTRO DE INCLUSÃO DIGITAL E APRENDIZAGEM PROFFISSIONAL-CIDAP;19/05/2011 11:44:14;SP;Carapicuíba
2;;null;CENTRO DE REFERENCIA DO IFSUL;24/01/2018 12:49:17;RS;Pelotas
2;;null;CENTRO DE REFERÊNCIA EM EDUCAÇÃO PROFISSIONAL E TECNOLÓGICA DE CABEDELO;31/01/2014 13:19:44;PB;João Pessoa
2;;null;CENTRO DE REFERÊNCIA EM EDUCAÇÃO PROFISSIONAL E TECNOLÓGICA DE ITAPORANGA;31/01/2014 12:57:21;PB;João Pessoa
2;;null;CENTRO DE REFERÊNCIA EM EDUCAÇÃO PROFISSIONAL E TECNOLÓGICA DE santa rita;31/01/2014 13:25:05;PB;João Pessoa
2;;null;CENTRO ESTADUAL DE EDUCAÇÃO PROFISSIONAL AGRICOLA DA LAPA;06/05/2009 09:18:42;PR;Lapa
2;;CEFET-RJ;Centro Federal de Educação Tecnológica Celso Suckow da Fonseca - Uned Angra dos Reis;08/06/2011 16:04:11;RJ;Angra dos Reis
2;;CEFET-RJ;Centro Federal de Educação Tecnológica Celso Suckow da Fonseca - Uned Itaguaí;08/06/2011 11:56:18;RJ;Itaguaí
2;;CEFET-RJ;Centro Federal de Educação Tecnológica Celso Suckow da Fonseca - Uned Maria da Graça;17/03/2009 17:00:09;RJ;Rio de Janeiro
2;;CEFET-RJ;Centro Federal de Educação Tecnológica Celso Suckow da Fonseca - Uned Nova Friburgo;20/05/2009 10:06:36;RJ;Nova Friburgo
2;;CEFET-RJ;Centro Federal de Educação Tecnológica Celso Suckow da Fonseca - Uned Nova Iguaçu;17/03/2009 16:53:59;RJ;Nova Iguaçu
2;;CEFET-RJ;Centro Federal de Educação Tecnológica Celso Suckow da Fonseca - Uned Petrópolis;20/05/2009 10:04:21;RJ;Petrópolis
2;;CEFET-RJ;Centro Federal de Educação Tecnológica Celso Suckow da Fonseca - Uned Valença;08/06/2011 12:00:27;RJ;Valença
2;;CEFET-RJ;Centro Federal de Educação Tecnológica Celso Suckow da Fonseca - Unidade Maracanã;13/03/2009 10:34:20;RJ;Rio de Janeiro
2;;null;centro federal de educação tecnologica de campos;12/11/2008 18:08:52;RJ;Campos dos Goytacazes
2;;null;CENTRO FEDERAL DE EDUCAÇÃO TECNOLÓGICA DE CUIABÁ;17/02/2009 18:45:00;MT;Cuiabá
2;;null;centro federal de educação tecnologica de minas gerais;01/12/2008 20:03:31;MG;Divinópolis
2;;null;CENTRO FEDERAL DE EDUCAÇÃO TÉCNOLOGICA DE MINAS GERAIS CAMPOS TIMÓTEO;21/11/2008 09:17:36;MG;Timóteo
2;;null;CENTRO FEDERAL DE EDUCAÇÃO TÉCNOLOGICA DE MINAS GERAIS CAMPOS TIMÓTEO;21/11/2008 09:17:30;MG;Timóteo
2;;null;CENTRO FEDERAL DE EDUCAÇÃO TÉCNOLOGICA DE MINAS GERAIS CAMPOS TIMÓTEO;21/11/2008 09:17:36;MG;Timóteo
2;;null;CENTRO FEDERAL DE EDUCAÇÃO TECNOLÓGICA DE MINAS GERAIS - CEFET-MG - UNIDADE DE VARGINHA;21/11/2008 15:50:40;MG;Varginha
2;;null;centro federal de educação tecnologica de minas gerais/uned-araxá;24/11/2008 15:19:03;MG;Araxá
2;;CEFET-MG;Centro Federal de Educação Tecnológica de Minas Gerais - Uned Araxá;13/03/2009 11:36:39;MG;Araxá
2;;CEFET-MG;Centro Federal de Educação Tecnológica de Minas Gerais - Uned Contagem;21/03/2012 16:58:47;MG;Contagem
2;;CEFET-MG;Centro Federal de Educação Tecnológica de Minas Gerais - Uned Curvelo;18/03/2010 12:57:45;MG;Curvelo
2;;CEFET-MG;Centro Federal de Educação Tecnológica de Minas Gerais - Uned Divinópolis;13/03/2009 11:34:19;MG;Divinópolis
2;;CEFET-MG;Centro Federal de Educação Tecnológica de Minas Gerais - Uned Leopoldina;17/03/2009 16:56:52;MG;Leopoldina
2;;CEFET-MG;Centro Federal de Educação Tecnológica de Minas Gerais - Uned Nepomuceno;13/03/2009 11:48:34;MG;Nepomuceno
2;;CEFET-MG;Centro Federal de Educação Tecnológica de Minas Gerais - Uned Timóteo;13/03/2009 11:43:31;MG;Timóteo
2;;CEFET-MG;Centro Federal de Educação Tecnológica de Minas Gerais - Uned Varginha;13/03/2009 11:38:42;MG;Varginha
2;;CEFET-MG;Centro Federal de Educação Tecnológica de Minas Gerais - Unidade Belo Horizonte;13/03/2009 10:19:18;MG;Belo Horizonte
2;;null;CENTRO FEDERAL DE EDUCAÇÃO TECNOLOGICA DE MINAS GERAIS-UNIDADE CENTRALIZADA DE LEOPOLDINA;28/11/2008 14:00:48;MG;Leopoldina
2;;null;CENTRO FEDERAL DE EDUCAÇÃO TECNOLÓGICA DE OURO PRETO;26/11/2008 15:50:27;MG;Ouro Preto
2;;null;CENTRO FEDERAL DE EDUCAÇÃO TECNOLÓGICA DE OURO PRETO-UNED CONGONHAS;26/11/2008 20:34:46;MG;Congonhas
2;;null;CENTRO FEDERAL DE EDUCAÇÃO TECNOLOGICA DE SERGIPE;16/03/2011 11:10:16;SE;Nossa Senhora da Glória
2;;null;CENTRO FEDERAL DE EDUCACAO TECNOLOGICA DE UBERABA;19/02/2009 10:18:19;MG;Uberaba
2;;null;Centro federal de educação tecnológica do espírito santo;21/11/2008 12:29:08;ES;Vitória
2;;null;CESEC TEOTONIO MAGALHAES;21/02/2013 14:29:35;DF;Brasília
2;;null;CETEB;05/08/2009 15:53:13;SP;Boituva
2;;null;COLÈGIO AGRÌCOLA DOM AGOSTINHO IKAS - CODAI;03/09/2009 15:49:15;PE;São Lourenço da Mata
2;;null;COLÉGIO EUCARÍSTICO;01/02/2011 10:52:40;RJ;Campos dos Goytacazes
2;;CPII;Colégio Pedro II - Campus Centro;28/11/2008 13:53:12;RJ;Rio de Janeiro
2;;CPII;Colégio Pedro II - Campus Duque de Caxias CP;15/07/2011 10:23:28;RJ;Duque de Caxias
2;;CPII;Colégio Pedro II - Campus Engenho Novo II;28/11/2008 14:02:10;RJ;Rio de Janeiro
2;;CPII;Colégio Pedro II - Campus Humaitá I;30/03/2015 16:15:10;RJ;Rio de Janeiro
2;;CPII;Colégio Pedro II - Campus Humaitá II;03/12/2013 10:39:31;RJ;Rio de Janeiro
2;;CPII;Colégio Pedro II - Campus Realengo I;06/05/2015 15:49:18;RJ;Rio de Janeiro
2;;CPII;Colégio Pedro II - Campus Realengo II;28/11/2008 14:04:16;RJ;Rio de Janeiro
2;;CPII;Colégio Pedro II - Campus São Cristóvão II;06/05/2015 16:00:44;RJ;Rio de Janeiro
2;;CPII;Colégio Pedro II - Campus São Cristóvão III;28/11/2008 13:58:58;RJ;Rio de Janeiro
2;;CPII;COLEGIO PEDRO II - campus TIJUCA I;06/05/2015 16:04:08;RJ;Rio de Janeiro
2;;CPII;Colégio Pedro II - Campus Tijuca II;28/11/2008 14:08:14;RJ;Rio de Janeiro
2;;CPII;COLÉGIO PEDRO II (UNIDADE ENGENHO NOVO I);17/02/2016 10:35:48;RJ;Rio de Janeiro
2;;CPII;COLÉGIO PEDRO II UNIDADE ESCOLAR DESCENTRALIZADA DE NITERÓI;06/05/2015 15:56:04;RJ;Niterói
2;;CPII;COLEGIO PEDRO II (UNID SAO CRISTOVAO I);17/02/2016 10:39:06;RJ;Rio de Janeiro
2;;UFPI;Colégio Técnico de Bom Jesus;03/09/2009 15:08:46;PI;Bom Jesus
2;;UFPI;Colégio Técnico de Floriano;05/06/2009 13:29:07;PI;Floriano
2;;UFPI;Colégio Técnico de Teresina;24/07/2009 10:29:56;PI;Teresina
2;;null;COLEGIO TECNICO UNIVERSITARIO;30/01/2009 17:03:27;MG;Juiz de Fora
2;;null;CURSO MB MARTINS LTDA;04/02/2016 10:07:24;RJ;Niterói
2;;null;DEPARTAMENTO DE ENFERMAGEM;03/04/2013 16:52:39;RN;Natal
2;;null;EDUCAR BYTE;19/10/2009 19:48:55;SP;Guarulhos
2;;null;EE PEDRO PEREIRA GUIMARAES;18/09/2012 09:37:55;MG;Vazante
2;;null;EFAI-ESCOLA DE AVIAÇÃO CIVIL;29/09/2017 10:45:32;MG;Contagem
2;;null;ESC MEDIA DE AGROP REGIONAL DA CEPLAC;09/10/2009 14:13:12;BA;Teixeira de Freitas
2;;null;ESCOLA AGROTECNICA FEDERAL CRATO;07/04/2009 13:38:16;CE;Crato
2;;null;ESCOLA DE MUSICA DA UNIVERSIDADE FEDERAL DO RIO GRANDE DO NORTE;25/03/2009 11:26:33;RN;Natal
2;;null;ESCOLA DE MÚSICA DA UNIVERSIDADE FEDERAL DO RIO GRANDE DO NORTE;13/12/2011 17:31:38;RN;Natal
2;;null;ESCOLA ESTADUAL HENRIQUE KRUGER;03/07/2015 17:46:42;MG;Uberaba
2;;null;ESCOLA ESTADUAL SÃO MIGUEL;25/07/2017 15:51:49;MG;Jequitinhonha
2;;null;ESCOLA ESTADUAL TÉCNICA FRONTEIRA NOROESTE;01/07/2009 15:27:39;RS;Santa Rosa
2;;null;ESCOLA MEDIA DE AGROPECUA REG DA CEPLAC;09/10/2009 14:35:01;BA;Valença
2;;null;ESCOLA MEDIA DE AGROPECUARIA R DA CEPLAC;09/10/2009 14:44:15;BA;Uruçuca
2;;null;ESCOLA MEDIA DE AGROPECUARIA REGIONAL DA CEPLAC;09/10/2009 14:07:44;BA;Itapetinga
2;;null;escola politécnica de saúde joaquim venâncio / fiocruz;17/11/2008 12:30:19;RJ;Rio de Janeiro
2;;null;ESCOLA SUPERIOR DA AMAZÔNIA S/C LTDA;10/10/2014 15:27:19;PA;Belém
2;;null;ESCOLA TÉCNICA DE ARTES;28/05/2009 12:18:08;AL;Maceió
2;;null;ESCOLA TÉCNICA DE ENFERMAGEM - ETE HCPA;31/03/2010 15:01:34;RS;Porto Alegre
2;;null;ESCOLA TÉCNICA DO ARSENAL DE MARINHA DO RIO DE JANEIRO;15/04/2010 10:43:10;RJ;Rio de Janeiro
2;;null;Escola teste - manual sistec;26/02/2016 11:06:10;DF;Brasília
2;;null;escolo agrotecnica federal de ceres;14/11/2008 14:13:01;GO;Ceres
2;;null;ETVUF - RN - ESCOLA DE MÚSICA;26/05/2009 17:13:31;RN;Natal
2;;null;FACULDADES INTEGRADAS CARAJÁS S/C LTDA;10/10/2014 15:35:39;PA;Redenção
2;;RJ-OSÓRIO;FUNDAÇÃO OSÓRIO;15/01/2014 10:44:14;RJ;Rio de Janeiro
2;;null;FUNDAÇÃO OSWALDO CRUZ ESCOLA POLITÉCNICA DE SAÚDE JOAQUIM VENÂNCIO;17/11/2008 12:30:17;RJ;Rio de Janeiro
2;;UFRR;Fundação Universidade Federal de Roraima - Escola Agrotécnica;03/09/2009 15:51:21;RR;Boa Vista
2;;IFAL;IFAL - Campus avançado MACEIÓ BENEDITO BENTES;30/01/2015 11:28:16;AL;Maceió
2;;null;IF DE ALAGOAS CAMPU SATUBA;10/03/2009 11:12:46;AL;Satuba
2;;null;IF DE ALAGOAS CAMPUS MACEIÓ;10/03/2009 11:01:17;AL;Maceió
2;;null;IF DE ALAGOAS CAMPUS MARECHAL DEODORO;10/03/2009 11:08:36;AL;Marechal Deodoro
2;;null;IF DO ACRE campus  RIO BRANCO;05/03/2009 08:21:23;AM;Manaus
2;;null;IF do amazonas  CAMPUS SÃO GABRIEL DA CACHOEIRA;25/05/2009 10:54:47;AM;São Gabriel da Cachoeira
2;;null;IFMA - CENTRO DE REFERENCIA TECNOLOGICA;24/08/2017 16:23:19;MA;São Luís
2;;null;IFMT - CAMPUS AVANÇADO GUARANTÃ DO NORTE;17/05/2016 15:43:50;MT;Guarantã do Norte
2;;null;IFMT - CAMPUS AVANÇADO LUCAS DO RIO VERDE;17/05/2016 18:16:07;MT;Lucas do Rio Verde
2;;null;INMETRO;16/05/2018 11:52:43;RJ;Duque de Caxias
2;;null;INSTITUTO BENJAMIN CONSTANT;08/01/2019 15:34:39;RJ;Rio de Janeiro
2;;null;INSTITUTO DE CONTROLE DO ESPAÇO AÉREO;27/03/2013 12:50:38;SP;São José dos Campos
2;;null;INSTITUTO DE CONTROLE DO ESPAÇO AEREO - ICEA;16/08/2013 10:38:09;SP;São José dos Campos
2;;null;INSTITUTO EVANDRO CHAGAS;22/07/2009 10:14:28;PA;Belém
2;;IF BAIANO;INSTITUTO FEDERAL BAIANO CAMPUS ALAGOINHAS;30/01/2014 10:00:43;BA;Alagoinhas
2;;IF BAIANO;INSTITUTO FEDERAL BAIANO CAMPUS AVANÇADO MEDEIROS NETO;30/01/2014 10:25:09;BA;Medeiros Neto
2;;IF BAIANO;Instituto Federal Baiano - Campus Bom Jesus da Lapa;06/04/2010 16:38:56;BA;Bom Jesus da Lapa
2;;IF BAIANO;Instituto Federal Baiano - Campus Catu;06/03/2009 09:47:06;BA;Catu
2;;IF BAIANO;Instituto Federal Baiano - Campus Governador Mangabeira;06/05/2013 17:28:59;BA;Governador Mangabeira
2;;IF BAIANO;Instituto Federal Baiano - Campus Guanambi;06/03/2009 09:44:38;BA;Guanambi
2;;IF BAIANO;INSTITUTO FEDERAL BAIANO CAMPUS ITABERABA;13/05/2016 17:47:37;BA;Itaberaba
2;;IF BAIANO;Instituto Federal Baiano - Campus Itapetinga;06/03/2009 09:57:27;BA;Itapetinga
2;;IF BAIANO;Instituto Federal Baiano - Campus Santa Inês;06/03/2009 09:53:11;BA;Santa Inês
2;;IF BAIANO;Instituto Federal Baiano - Campus Senhor do Bonfim;06/03/2009 10:10:02;BA;Senhor do Bonfim
2;;IF BAIANO;INSTITUTO FEDERAL BAIANO – CAMPUS SERRINHA;14/11/2015 11:14:13;BA;Serrinha
2;;IF BAIANO;Instituto Federal Baiano - Campus Teixeira de Freitas;06/03/2009 10:14:51;BA;Teixeira de Freitas
2;;IF BAIANO;Instituto Federal Baiano - Campus Uruçuca;06/03/2009 10:18:09;BA;Uruçuca
2;;IF BAIANO;Instituto Federal Baiano - Campus Valença;06/03/2009 10:25:31;BA;Valença
2;;IF BAIANO;INSTITUTO FEDERAL BAIANO CAMPUS XIQUE-XIQUE;13/05/2016 17:37:07;BA;Xique-Xique
2;;null;INSTITUTO FEDERAL BAIANO CENTRO DE REFERÊNCIA DOIS DE JULHO;18/04/2017 14:03:55;BA;Salvador
2;;IFC;Instituto Federal Catarinense - Campus Araquari;04/03/2009 15:42:31;SC;Araquari
2;;IFC;INSTITUTO FEDERAL CATARINENSE - CAMPUS AVANÇADO ABELARDO LUZ;30/01/2014 09:59:15;SC;Abelardo Luz
2;;IFC;INSTITUTO FEDERAL CATARINENSE CAMPUS AVANÇADO SOMBRIO;30/01/2014 11:08:22;SC;Sombrio
2;;IFC;Instituto Federal Catarinense - Campus Blumenau;07/06/2011 16:48:33;SC;Blumenau
2;;IFC;INSTITUTO FEDERAL CATARINENSE CAMPUS BRUSQUE;19/11/2013 15:08:17;SC;Brusque
2;;IFC;Instituto Federal Catarinense - Campus Camboriú;04/03/2009 15:39:14;SC;Camboriú
2;;IFC;Instituto Federal Catarinense - Campus Concórdia;04/03/2009 15:31:03;SC;Concórdia
2;;IFC;Instituto Federal Catarinense - Campus Fraiburgo;07/06/2011 16:43:13;SC;Fraiburgo
2;;IFC;Instituto Federal Catarinense - Campus Ibirama;07/06/2011 10:06:42;SC;Ibirama
2;;IFC;Instituto Federal Catarinense - Campus Luzerna;07/06/2011 09:41:54;SC;Luzerna
2;;null;INSTITUTO FEDERAL CATARINENSE - CAMPUS REITORIA;17/03/2011 09:42:33;SC;Blumenau
2;;IFC;Instituto Federal Catarinense - Campus Rio do Sul;09/03/2009 16:37:28;SC;Rio do Sul
2;;IFC;Instituto Federal Catarinense - Campus Santa Rosa do Sul;04/03/2009 15:34:26;SC;Santa Rosa do Sul
2;;IFC;INSTITUTO FEDERAL CATARINENSE CAMPUS SÃO BENTO DO SUL;30/01/2014 11:22:01;SC;São Bento do Sul
2;;IFC;Instituto Federal Catarinense - Campus São Francisco do Sul;15/07/2011 16:31:53;SC;São Francisco do Sul
2;;IFC;Instituto Federal Catarinense - Campus Videira;28/04/2010 15:17:46;SC;Videira
2;;IFC;INSTITUTO FEDERAL CATARINENSE CENTRO DE REFERÊNCIA CAPINZAL;17/06/2014 09:32:43;SC;Capinzal
2;;IFC;INSTITUTO FEDERAL CATARINENSE - CENTRO DE REFERÊNCIA CATANDUVAS;17/06/2014 10:33:06;SC;Catanduvas
2;;IFC;INSTITUTO FEDERAL CATARINENSE - CENTRO DE REFERÊNCIA POUSO REDONDO;17/06/2014 10:19:22;SC;Pouso Redondo
2;;null;INSTITUTO FEDERAL DA BAHIA CAMPUS AVANÇADO DIAS D\'ÁVILA;31/01/2014 13:28:13;BA;Dias d´Ávila
2;;null;INSTITUTO FEDERAL DA BAHIA CAMPUS AVANÇADO GOVERNADOR MANGABEIRA;07/06/2011 16:07:01;BA;Salvador
2;;IFBA;INSTITUTO FEDERAL DA BAHIA CAMPUS AVANÇADO UBAITABA;10/09/2014 09:49:19;BA;Ubaitaba
2;;IFBA;Instituto Federal da Bahia - Campus Barreiras;05/03/2009 09:54:28;BA;Barreiras
2;;IFBA;Instituto Federal da Bahia - Campus Brumado;06/02/2014 10:34:28;BA;Brumado
2;;IFBA;Instituto Federal da Bahia - Campus Camaçari;05/03/2009 09:48:28;BA;Camaçari
2;;IFBA;INSTITUTO FEDERAL DA BAHIA CAMPUS EUCLIDES DA CUNHA;31/01/2014 13:31:56;BA;Euclides da Cunha
2;;IFBA;Instituto Federal da Bahia - Campus Eunápolis;05/03/2009 09:36:58;BA;Eunápolis
2;;IFBA;Instituto Federal da Bahia - Campus Feira de Santana;22/03/2011 16:27:41;BA;Feira de Santana
2;;IFBA;Instituto Federal da Bahia - Campus Ilhéus;22/03/2011 16:15:39;BA;Ilhéus
2;;IFBA;Instituto Federal da Bahia - Campus Irecê;22/03/2011 16:04:57;BA;Irecê
2;;IFBA;Instituto Federal da Bahia - Campus Jacobina;22/03/2011 16:21:03;BA;Jacobina
2;;IFBA;Instituto Federal da Bahia - Campus Jequié;22/03/2011 16:00:43;BA;Jequié
2;;IFBA;INSTITUTO FEDERAL DA BAHIA CAMPUS JUAZEIRO;31/01/2014 13:36:20;BA;Juazeiro
2;;IFBA;INSTITUTO FEDERAL DA BAHIA CAMPUS LAURO DE FREITAS;31/01/2014 13:43:50;BA;Lauro de Freitas
2;;IFBA;Instituto Federal da Bahia - Campus Paulo Afonso;22/03/2011 16:08:15;BA;Paulo Afonso
2;;IFBA;Instituto Federal da Bahia - Campus Porto Seguro;05/03/2009 09:41:11;BA;Porto Seguro
2;;IFBA;Instituto Federal da Bahia - Campus Salvador;05/03/2009 08:49:02;BA;Salvador
2;;IFBA;Instituto Federal da Bahia - Campus Santo Amaro;05/03/2009 09:14:22;BA;Santo Amaro
2;;IFBA;INSTITUTO FEDERAL DA BAHIA CAMPUS SANTO ANTÔNIO DE JESUS;31/01/2014 13:58:42;BA;Santo Antônio de Jesus
2;;IFBA;Instituto Federal da Bahia - Campus Seabra;22/03/2011 16:24:09;BA;Seabra
2;;IFBA;Instituto Federal da Bahia - Campus Simões Filho;05/03/2009 09:08:37;BA;Simões Filho
2;;IFBA;Instituto Federal da Bahia - Campus Valença Tento;05/03/2009 09:23:17;BA;Valença
2;;IFBA;Instituto Federal da Bahia - Campus Vitória da Conquista;05/03/2009 09:31:16;BA;Vitória da Conquista
2;;IFPB;INSTITUTO FEDERAL DA PARAÍBA CAMPUS AVANÇADO AREIA;31/01/2014 13:31:09;PB;Areia
2;;IFPB;INSTITUTO FEDERAL DA PARAÍBA CAMPUS AVANÇADO CABEDELO CENTRO;13/03/2014 17:24:48;PB;Cabedelo
2;;IFPB;INSTITUTO FEDERAL DA PARAÍBA CAMPUS AVANÇADO JOÃO PESSOA MANGABEIRA;31/01/2014 13:43:57;PB;João Pessoa
2;;IFPB;INSTITUTO FEDERAL DA PARAÍBA CAMPUS AVANÇADO PEDRAS DE FOGO;31/01/2014 13:54:57;PB;Pedras de Fogo
2;;IFPB;INSTITUTO FEDERAL DA PARAÍBA CAMPUS AVANÇADO SOLEDADE;16/06/2014 17:20:54;PB;Soledade
2;;IFPB;Instituto Federal da Paraíba - Campus Cabedelo;19/05/2009 15:22:18;PB;Cabedelo
2;;IFPB;Instituto Federal da Paraíba - Campus Cajazeiras;02/03/2009 16:42:14;PB;Cajazeiras
2;;IFPB;Instituto Federal da Paraíba - Campus Campina Grande;03/03/2009 10:24:40;PB;Campina Grande
2;;IFPB;INSTITUTO FEDERAL DA PARAÍBA CAMPUS CATOLÉ DO ROCHA;31/01/2014 12:21:31;PB;Catolé do Rocha
2;;IFPB;INSTITUTO FEDERAL DA PARAÍBA CAMPUS ESPERANÇA;31/01/2014 13:09:14;PB;Esperança
2;;IFPB;Instituto Federal da Paraíba - Campus Guarabira;30/09/2011 16:10:16;PB;Guarabira
2;;IFPB;INSTITUTO FEDERAL DA PARAÍBA CAMPUS ITABAIANA;31/01/2014 13:14:01;PB;Itabaiana
2;;IFPB;INSTITUTO FEDERAL DA PARAÍBA CAMPUS ITAPORANGA;15/07/2014 11:08:22;PB;Itaporanga
2;;IFPB;Instituto Federal da Paraíba - Campus João Pessoa;02/03/2009 17:14:42;PB;João Pessoa
2;;IFPB;Instituto Federal da Paraíba - Campus Monteiro;20/05/2009 10:09:49;PB;Monteiro
2;;IFPB;Instituto Federal da Paraíba - Campus Patos;20/05/2009 10:07:58;PB;Patos
2;;IFPB;Instituto Federal da Paraíba - Campus Picuí;19/05/2009 16:10:22;PB;Picuí
2;;IFPB;Instituto Federal da Paraíba - Campus Princesa Isabel;19/05/2009 15:58:13;PB;Princesa Isabel
2;;IFPB;INSTITUTO FEDERAL DA PARAÍBA campus santa luzia;14/06/2014 19:19:59;PB;Santa Luzia
2;;IFPB;INSTITUTO FEDERAL DA PARAÍBA CAMPUS SANTA RITA;17/06/2014 14:48:10;PB;Santa Rita
2;;IFPB;Instituto Federal da Paraíba - Campus Sousa;02/03/2009 17:38:35;PB;Sousa
2;;IFAL;Instituto Federal de Alagoas - Campus Arapiraca;23/02/2011 11:38:31;AL;Arapiraca
2;;IFAL;Instituto Federal de Alagoas - Campus Batalha;30/01/2014 10:58:31;AL;Batalha
2;;IFAL;Instituto Federal de Alagoas - Campus Coruripe;30/01/2014 11:16:44;AL;Coruripe
2;;IFAL;Instituto Federal de Alagoas - Campus Maceió;05/03/2009 08:24:17;AL;Maceió
2;;IFAL;Instituto Federal de Alagoas - Campus Maragogi;23/02/2011 12:26:11;AL;Maragogi
2;;IFAL;Instituto Federal de Alagoas - Campus Marechal Deodoro;05/03/2009 09:21:54;AL;Marechal Deodoro
2;;IFAL;Instituto Federal de Alagoas - Campus Murici;23/02/2011 15:34:35;AL;Murici
2;;IFAL;Instituto Federal de Alagoas - Campus Palmeira dos Índios;05/03/2009 09:09:12;AL;Palmeira dos Índios
2;;IFAL;Instituto Federal de Alagoas - Campus Penedo;23/02/2011 12:17:08;AL;Penedo
2;;IFAL;Instituto Federal de Alagoas - Campus Piranhas;23/02/2011 15:27:18;AL;Piranhas
2;;IFAL;Instituto Federal de Alagoas - Campus Rio Largo;30/01/2014 11:29:47;AL;Rio Largo
2;;IFAL;Instituto Federal de Alagoas - Campus Santana do Ipanema;23/02/2011 15:40:59;AL;Santana do Ipanema
2;;IFAL;Instituto Federal de Alagoas - Campus São Miguel dos Campos;23/02/2011 15:46:18;AL;São Miguel dos Campos
2;;IFAL;Instituto Federal de Alagoas - Campus Satuba;05/03/2009 08:28:18;AL;Satuba
2;;IFAL;Instituto Federal de Alagoas - Campus Viçosa;30/01/2014 10:48:38;AL;Viçosa
2;;IFB;INSTITUTO FEDERAL DE BRASÍLIA CAMPUS AVANÇADO SOBRADINHO;20/03/2014 09:50:23;DF;Brasília
2;;IFB;Instituto Federal de Brasília - Campus Brasília;05/01/2010 14:13:25;DF;Brasília
2;;IFB;INSTITUTO FEDERAL DE BRASILIA CAMPUS CEILÂNDIA;28/05/2012 12:12:56;DF;Brasília
2;;IFB;INSTITUTO FEDERAL DE BRASÍLIA CAMPUS ESTRUTURAL;23/04/2012 15:06:42;DF;Brasília
2;;IFB;Instituto Federal de Brasília - Campus Gama;21/01/2010 12:54:12;DF;Brasília
2;;IFB;Instituto Federal de Brasília - Campus Planaltina;02/03/2009 10:27:56;DF;Brasília
2;;IFB;INSTITUTO FEDERAL DE BRASILIA CAMPUS RECANTO DAS EMAS;01/11/2011 08:34:34;DF;Brasília
2;;null;INSTITUTO FEDERAL DE BRASILIA CAMPUS RECANTO DAS EMAS inativa;07/06/2018 12:22:46;DF;Brasília
2;;IFB;Instituto Federal de Brasília - Campus Riacho Fundo;15/07/2011 11:44:14;DF;Brasília
2;;IFB;Instituto Federal de Brasília - Campus Samambaia;21/01/2010 12:47:36;DF;Brasília
2;;null;INSTITUTO FEDERAL DE BRASILIA CAMPUS SÃO SEBASTIÃO;07/06/2011 16:46:33;DF;Brasília
2;;IFB;Instituto Federal de Brasília - Campus São Sebastião;15/07/2011 11:40:42;DF;Brasília
2;;IFB;Instituto Federal de Brasília - Campus Taguatinga;21/01/2010 12:40:01;DF;Brasília
2;;null;INSTITUTO FEDERAL DE EDUCACAO- CIENCIA E TECNOLOGIA DA PARAIBA;02/03/2009 16:00:00;PB;João Pessoa
2;;null;INSTITUTO FEDERAL DE EDUCAÇÃO- CIÊNCIA E TECNOLOGIA DO PARA.;18/07/2011 09:50:08;PA;Santarém
2;;null;INSTITUTO FEDERAL DE EDUCAÇÃO CIÊNCIA E TECNOLOGIA DO PIAUÍ - CAMPUS OEIRAS;05/02/2014 09:16:20;PI;Oeiras
2;;null;INSTITUTO FEDERAL DE EDUCAÇÃO CIÊNCIA E TECNOLOGIA DO PIAUÍ- CAMPUS PEDRO II;05/02/2014 09:23:36;PI;Pedro II
2;;null;INSTITUTO FEDERAL DE EDUCAÇÃO CIÊNCIA E TECNOLOGIA DO PIAUÍ- CAMPUS SÃO JOÃO DO PIAUÍ;05/02/2014 09:28:29;PI;São João do Piauí
2;;null;INSTITUTO FEDERAL DE EDUCAÇÃO- CIÊNCIA E TECNOLOGIA DO RIO GRANDE DO SUL - CAMPUS PORTO ALEGRE;11/05/2009 18:43:08;RS;Porto Alegre
2;;null;INSTITUTO FEDERAL DE EDUCAÇÃO CIÊNCIA E TÉCNOLOGIA DO SUL DE MINAS GERAIS CAMPUS MACHADO;15/04/2009 15:03:01;MG;Machado
2;;IF FARROUPILHA;INSTITUTO FEDERAL DE EDUCAÇÃO, CIÊNCIA E TECNOLOGIA FARROUPILHA - CÂMPUS FREDERICO WESTPHALEN;12/02/2015 12:58:22;RS;Frederico Westphalen
2;;null;Instituto Federal de Goiás - Campus Águas Lindas de Goiás;27/01/2014 16:31:42;GO;Águas Lindas de Goiás
2;;IFG;INSTITUTO FEDERAL DE GOIÁS CAMPUS ÁGUAS LINDAS DE GOIÁS;07/06/2011 16:50:56;GO;Águas Lindas de Goiás
2;;IFG;Instituto Federal de Goiás - Campus Anápolis;08/06/2010 10:51:31;GO;Anápolis
2;;IFG;Instituto Federal de Goiás - Campus Aparecida de Goiânia;07/06/2011 17:01:51;GO;Aparecida de Goiânia
2;;IFG;Instituto Federal de Goiás - Campus Cidade de Goiás;07/06/2011 11:52:40;GO;Goiás
2;;IFG;Instituto Federal de Goiás - Campus Formosa;08/06/2010 11:09:12;GO;Formosa
2;;IFG;Instituto Federal de Goiás - Campus Goiânia;10/03/2009 08:53:26;GO;Goiânia
2;;IFG;Instituto Federal de Goiás - Campus Goiânia Oeste;07/06/2011 17:12:44;GO;Goiânia
2;;null;INSTITUTO FEDERAL DE GOIÁS CAMPUS GOIÂNIA OESTE;30/01/2014 14:47:32;GO;Goiânia
2;;IFG;Instituto Federal de Goiás - Campus Inhumas;10/03/2009 09:02:38;GO;Inhumas
2;;IFG;Instituto Federal de Goiás - Campus Itumbiara;13/05/2009 15:19:41;GO;Itumbiara
2;;IFG;Instituto Federal de Goiás - Campus Jataí;10/03/2009 08:56:04;GO;Jataí
2;;IFG;Instituto Federal de Goiás - Campus Luziânia;08/06/2010 11:17:50;GO;Luziânia
2;;IFG;Instituto Federal de Goiás - Campus Senador Canedo;10/09/2014 10:37:17;GO;Senador Canedo
2;;IFG;Instituto Federal de Goiás - Campus Uruaçu;13/05/2009 15:28:53;GO;Uruaçu
2;;IFG;Instituto Federal de Goiás - Campus Valparaíso de Goiás;27/01/2014 15:12:21;GO;Valparaíso de Goiás
2;;null;INSTITUTO FEDERAL DE MATO GROSSO;05/05/2009 18:15:08;MT;Cáceres
2;;IFMT;Instituto Federal de Mato Grosso - Campus Alta Floresta;29/01/2014 13:47:13;MT;Alta Floresta
2;;IFMT;INSTITUTO FEDERAL DE MATO GROSSO - CAMPUS AVANÇADO DIAMANTINO;29/01/2014 12:30:16;MT;Diamantino
2;;IFMT;INSTITUTO FEDERAL De MATO GROSSO - CAMPUS AVANÇADO GUARANTA DO NORTE;06/06/2016 17:29:12;MT;Guarantã do Norte
2;;IFMT;INSTITUTO FEDERAL De MATO GROSSO - CAMPUS AVANÇADO LUCAS DO RIO VERDE;06/06/2016 17:26:08;MT;Lucas do Rio Verde
2;;IFMT;INSTITUTO FEDERAL DE MATO GROSSO - CAMPUS AVANÇADO SINOP;29/01/2014 13:35:53;MT;Sinop
2;;IFMT;Instituto Federal de Mato Grosso - Campus Avançado Tangará da Serra;29/01/2014 13:41:17;MT;Tangará da Serra
2;;IFMT;Instituto Federal de Mato Grosso - Campus Barra do Garças;11/05/2011 09:23:11;MT;Barra do Garças
2;;IFMT;Instituto Federal de Mato Grosso - Campus Cáceres;06/03/2009 14:26:41;MT;Cáceres
2;;IFMT;Instituto Federal de Mato Grosso - Campus Campo Novo do Parecis;13/05/2009 10:26:51;MT;Campo Novo do Parecis
2;;IFMT;Instituto Federal de Mato Grosso - Campus Confresa;10/03/2010 11:43:31;MT;Confresa
2;;IFMT;Instituto Federal de Mato Grosso - Campus Cuiabá;06/03/2009 14:21:45;MT;Cuiabá
2;;IFMT;Instituto Federal de Mato Grosso - Campus Cuiabá Bela Vista;06/03/2009 14:24:15;MT;Cuiabá
2;;IFMT;Instituto Federal de Mato Grosso - Campus Juína;10/03/2010 11:52:34;MT;Juína
2;;IFMT;Instituto Federal de Mato Grosso - Campus Pontes e Lacerda;13/05/2009 10:31:26;MT;Pontes e Lacerda
2;;IFMT;Instituto Federal de Mato Grosso - Campus Primavera do Leste;08/11/2013 17:03:23;MT;Primavera do Leste
2;;IFMT;Instituto Federal de Mato Grosso - Campus Rondonópolis;06/04/2011 15:23:55;MT;Rondonópolis
2;;IFMT;Instituto Federal de Mato Grosso - Campus São Vicente;06/03/2009 14:29:16;MT;Santo Antônio do Leverger
2;;IFMT;Instituto Federal de Mato Grosso - Campus Sorriso;09/06/2011 09:55:17;MT;Sorriso
2;;IFMT;Instituto Federal de Mato Grosso - Campus Várzea Grande;11/09/2014 19:33:57;MT;Várzea Grande
2;;null;INSTITUTO FEDERAL DE MINAS GERAIS;10/02/2012 12:03:20;MG;Sabará
2;;null;INSTITUTO FEDERAL DE MINAS GERAIS CAMPUS AVANÇADO ARCOS;24/08/2016 15:24:01;MG;Arcos
2;;IFMG;Instituto Federal de Minas Gerais - Campus Avançado Conselheiro Lafaiete;13/06/2014 20:16:03;MG;Conselheiro Lafaiete
2;;IFMG;INSTITUTO FEDERAL DE MINAS GERAIS CAMPUS AVANÇADO CORONEL FABRICIANO;10/06/2014 16:32:24;MG;Coronel Fabriciano
2;;IFMG;INSTITUTO FEDERAL DE MINAS GERAIS CAMPUS AVANÇADO IPATINGA;10/06/2014 16:10:10;MG;Ipatinga
2;;IFMG;Instituto Federal de Minas Gerais - Campus Avançado Itabirito;23/01/2015 18:05:37;MG;Itabirito
2;;IFMG;INSTITUTO FEDERAL DE MINAS GERAIS CAMPUS AVANÇADO PITANGUI;10/06/2014 16:57:44;MG;Pitangui
2;;IFMG;Instituto Federal de Minas Gerais - Campus Avançado Piumhi;10/06/2014 16:16:05;MG;Piumhi
2;;IFMG;Instituto Federal de Minas Gerais - Campus Avançado Ponte Nova;10/06/2014 17:06:23;MG;Ponte Nova
2;;IFMG;INSTITUTO FEDERAL DE MINAS GERAIS CAMPUS AVANÇADO SETE LAGOAS;10/06/2014 16:45:38;MG;Sete Lagoas
2;;IFMG;Instituto Federal de Minas Gerais - Campus Bambuí;09/03/2009 16:59:47;MG;Bambuí
2;;IFMG;Instituto Federal de Minas Gerais - Campus Betim;07/06/2011 18:03:58;MG;Betim
2;;IFMG;Instituto Federal de Minas Gerais - Campus Congonhas;09/03/2009 16:48:51;MG;Congonhas
2;;IFMG;Instituto Federal de Minas Gerais - Campus Formiga;17/04/2009 14:19:11;MG;Formiga
2;;IFMG;Instituto Federal de Minas Gerais - Campus Governador Valadares;05/11/2009 11:02:46;MG;Governador Valadares
2;;null;INSTITUTO FEDERAL DE MINAS GERAIS CAMPUS IBIRITÉ;05/11/2018 15:06:24;MG;Ibirité
2;;IFMG;Instituto Federal de Minas Gerais - Campus Ouro Branco;07/06/2011 17:10:15;MG;Ouro Branco
2;;IFMG;Instituto Federal de Minas Gerais - Campus Ouro Preto;09/03/2009 16:45:39;MG;Ouro Preto
2;;IFMG;Instituto Federal de Minas Gerais - Campus Ribeirão das Neves;07/06/2011 17:06:50;MG;Ribeirão das Neves
2;;IFMG;Instituto Federal de Minas Gerais - Campus Sabará;26/03/2013 17:57:50;MG;Sabará
2;;IFMG;Instituto Federal de Minas Gerais - Campus Santa Luzia;10/06/2014 17:22:01;MG;Santa Luzia
2;;IFMG;Instituto Federal de Minas Gerais - Campus São João Evangelista;09/03/2009 16:55:48;MG;São João Evangelista
2;;IFMG;INSTITUTO FEDERAL DE MINAS GERAIS CENTRO DE REFERÊNCIA ABRE CAMPO;14/06/2014 12:55:51;MG;Abre Campo
2;;IFMG;INSTITUTO FEDERAL DE MINAS GERAIS CENTRO DE REFERÊNCIA CARANAÍBA;14/06/2014 12:58:35;MG;Caranaíba
2;;IFMG;INSTITUTO FEDERAL DE MINAS GERAIS CENTRO DE REFERÊNCIA CARANDAÍ;14/06/2014 13:01:17;MG;Carandaí
2;;IFMG;INSTITUTO FEDERAL DE MINAS GERAIS CENTRO DE REFERÊNCIA CARANGOLA;14/06/2014 10:01:39;MG;Carangola
2;;IFMG;INSTITUTO FEDERAL DE MINAS GERAIS CENTRO DE REFERÊNCIA CATAS ALTAS DA NORUEGA;06/02/2015 16:16:56;MG;Catas Altas da Noruega
2;;IFMG;INSTITUTO FEDERAL DE MINAS GERAIS CENTRO DE REFERÊNCIA DE ÁGUA BOA;13/06/2014 19:11:30;MG;Água Boa
2;;IFMG;INSTITUTO FEDERAL DE MINAS GERAIS CENTRO DE REFERÊNCIA DE ALVINÓPOLIS;13/06/2014 18:28:07;MG;Alvinópolis
2;;IFMG;INSTITUTO FEDERAL DE MINAS GERAIS CENTRO DE REFERÊNCIA DE ANTÔNIO PRADO DE MINAS;13/06/2014 20:02:35;MG;Antônio Prado de Minas
2;;IFMG;INSTITUTO FEDERAL DE MINAS GERAIS CENTRO DE REFERÊNCIA DE BARÃO DE COCAIS;13/06/2014 18:33:05;MG;Barão de Cocais
2;;IFMG;INSTITUTO FEDERAL DE MINAS GERAIS CENTRO DE REFERÊNCIA DE BELO VALE;13/06/2014 18:01:49;MG;Belo Vale
2;;IFMG;INSTITUTO FEDERAL DE MINAS GERAIS CENTRO DE REFERÊNCIA DE BOM DESPACHO;13/06/2014 19:04:51;MG;Bom Despacho
2;;IFMG;INSTITUTO FEDERAL DE MINAS GERAIS CENTRO DE REFERÊNCIA DE BRÁS PIRES;13/06/2014 18:35:47;MG;Brás Pires
2;;IFMG;INSTITUTO FEDERAL DE MINAS GERAIS CENTRO DE REFERÊNCIA DE CAETÉ;13/06/2014 20:49:55;MG;Caeté
2;;IFMG;INSTITUTO FEDERAL DE MINAS GERAIS CENTRO DE REFERÊNCIA DE CANDEIAS;13/06/2014 20:23:01;MG;Candeias
2;;IFMG;INSTITUTO FEDERAL DE MINAS GERAIS CENTRO DE REFERÊNCIA DE CARMÉSIA;13/06/2014 19:14:48;MG;Carmésia
2;;IFMG;INSTITUTO FEDERAL DE MINAS GERAIS CENTRO DE REFERÊNCIA DE CARMÓPOLIS DE MINAS;13/06/2014 17:26:23;MG;Carmópolis de Minas
2;;IFMG;INSTITUTO FEDERAL DE MINAS GERAIS CENTRO DE REFERÊNCIA DE CATAS ALTAS;13/06/2014 18:39:48;MG;Catas Altas
2;;IFMG;INSTITUTO FEDERAL DE MINAS GERAIS CENTRO DE REFERÊNCIA DE CONCEIÇÃO DO MATO DENTRO;13/06/2014 19:17:31;MG;Conceição do Mato Dentro
2;;IFMG;INSTITUTO FEDERAL DE MINAS GERAIS CENTRO DE REFERÊNCIA DE CORDISBURGO;13/06/2014 20:55:03;MG;Cordisburgo
2;;IFMG;INSTITUTO FEDERAL DE MINAS GERAIS CENTRO DE REFERÊNCIA DE COROACI;13/06/2014 19:21:46;MG;Coroaci
2;;IFMG;INSTITUTO FEDERAL DE MINAS GERAIS CENTRO DE REFERÊNCIA DE DESTERRO DE ENTRE RIOS;13/06/2014 18:09:09;MG;Desterro de Entre Rios
2;;IFMG;INSTITUTO FEDERAL DE MINAS GERAIS CENTRO DE REFERÊNCIA DE DIVINO;13/06/2014 18:42:24;MG;Divino
2;;IFMG;INSTITUTO FEDERAL DE MINAS GERAIS CENTRO DE REFERÊNCIA DE DORES DE INDAIÁ;13/06/2014 21:00:36;MG;Dores do Indaiá
2;;IFMG;INSTITUTO FEDERAL DE MINAS GERAIS CENTRO DE REFERÊNCIA DE ENTRE RIOS DE MINAS;13/06/2014 18:13:17;MG;Entre Rios de Minas
2;;IFMG;INSTITUTO FEDERAL DE MINAS GERAIS CENTRO DE REFERÊNCIA DE GOUVEIA;13/06/2014 19:24:10;MG;Gouveia
2;;IFMG;INSTITUTO FEDERAL DE MINAS GERAIS CENTRO DE REFERÊNCIA DE GUAPÉ;13/06/2014 20:25:41;MG;Guapé
2;;IFMG;INSTITUTO FEDERAL DE MINAS GERAIS CENTRO DE REFERÊNCIA DE IGUATAMA;13/06/2014 20:40:28;MG;Iguatama
2;;IFMG;INSTITUTO FEDERAL DE MINAS GERAIS CENTRO DE REFERÊNCIA DE ITAGUARA;13/06/2014 17:31:48;MG;Itaguara
2;;IFMG;INSTITUTO FEDERAL DE MINAS GERAIS CENTRO DE REFERÊNCIA DE ITATIAIUÇU;13/06/2014 17:35:51;MG;Itatiaiuçu
2;;IFMG;INSTITUTO FEDERAL DE MINAS GERAIS CENTRO DE REFERÊNCIA DE JABOTICATUBAS;13/06/2014 20:45:59;MG;Jaboticatubas
2;;IFMG;INSTITUTO FEDERAL DE MINAS GERAIS CENTRO DE REFERÊNCIA DE JECEABA;13/06/2014 18:17:13;MG;Jeceaba
2;;IFMG;INSTITUTO FEDERAL DE MINAS GERAIS CENTRO DE REFERÊNCIA DE JEQUERI;13/06/2014 18:45:51;MG;Jequeri
2;;IFMG;INSTITUTO FEDERAL DE MINAS GERAIS CENTRO DE REFERÊNCIA DE LAGOA DA PRATA;13/06/2014 20:31:42;MG;Lagoa da Prata
2;;IFMG;INSTITUTO FEDERAL DE MINAS GERAIS CENTRO DE REFERÊNCIA DE LAGOA SANTA;13/06/2014 20:57:43;MG;Lagoa Santa
2;;IFMG;INSTITUTO FEDERAL DE MINAS GERAIS CENTRO DE REFERÊNCIA DE MARAVILHAS;13/06/2014 17:55:05;MG;Maravilhas
2;;IFMG;INSTITUTO FEDERAL DE MINAS GERAIS CENTRO DE REFERÊNCIA DE MARILÉIA;13/06/2014 18:49:50;MG;Marliéria
2;;IFMG;INSTITUTO FEDERAL DE MINAS GERAIS CENTRO DE REFERÊNCIA DE MATIPÓ;13/06/2014 18:52:25;MG;Matipó
2;;IFMG;INSTITUTO FEDERAL DE MINAS GERAIS CENTRO DE REFERÊNCIA DE MOEDA;13/06/2014 18:20:04;MG;Moeda
2;;IFMG;INSTITUTO FEDERAL DE MINAS GERAIS CENTRO DE REFERÊNCIA DE NOVA SERRANA;13/06/2014 17:19:45;MG;Nova Serrana
2;;IFMG;INSTITUTO FEDERAL DE MINAS GERAIS CENTRO DE REFERÊNCIA DE OLIVEIRA;13/06/2014 20:43:07;MG;Oliveira
2;;IFMG;INSTITUTO FEDERAL DE MINAS GERAIS CENTRO DE REFERÊNCIA DE PAGAGAIOS;13/06/2014 17:39:32;MG;Papagaios
2;;IFMG;INSTITUTO FEDERAL DE MINAS GERAIS CENTRO DE REFERÊNCIA DE PAINS;13/06/2014 20:28:32;MG;Pains
2;;IFMG;INSTITUTO FEDERAL DE MINAS GERAIS CENTRO DE REFERÊNCIA DE PASSA TEMPO;13/06/2014 17:43:52;MG;Passa Tempo
2;;IFMG;INSTITUTO FEDERAL DE MINAS GERAIS CENTRO DE REFERÊNCIA DE PEÇANHA;13/06/2014 19:29:21;MG;Peçanha
2;;IFMG;INSTITUTO FEDERAL DE MINAS GERAIS CENTRO DE REFERÊNCIA DE PERDÕES;13/06/2014 20:34:05;MG;Perdões
2;;IFMG;INSTITUTO FEDERAL DE MINAS GERAIS CENTRO DE REFERÊNCIA DE PIRACEMA;13/06/2014 17:47:35;MG;Piracema
2;;IFMG;INSTITUTO FEDERAL DE MINAS GERAIS CENTRO DE REFERÊNCIA DE RAPOSOS;13/06/2014 20:18:45;MG;Raposos
2;;IFMG;INSTITUTO FEDERAL DE MINAS GERAIS CENTRO DE REFERÊNCIA DE RIO VERMELHO;13/06/2014 19:32:17;MG;Rio Vermelho
2;;IFMG;INSTITUTO FEDERAL DE MINAS GERAIS CENTRO DE REFERÊNCIA DE SABINÓPOLIS;13/06/2014 19:35:51;MG;Sabinópolis
2;;IFMG;INSTITUTO FEDERAL DE MINAS GERAIS CENTRO DE REFERÊNCIA DE SANTA BÁRBARA;13/06/2014 18:54:46;MG;Santa Bárbara
2;;IFMG;INSTITUTO FEDERAL DE MINAS GERAIS CENTRO DE REFERÊNCIA DE SANTA MARIA DO SUAÇUÍ;13/06/2014 19:39:08;MG;Santa Maria do Suaçuí
2;;IFMG;INSTITUTO FEDERAL DE MINAS GERAIS CENTRO DE REFERÊNCIA DE SANTO ANTÔNIO DO AMPARO;13/06/2014 20:37:22;MG;Santo Antônio do Amparo
2;;IFMG;INSTITUTO FEDERAL DE MINAS GERAIS CENTRO DE REFERÊNCIA DE SÃO BRÁS DO SUAÇUÍ;13/06/2014 18:22:50;MG;São Brás do Suaçuí
2;;IFMG;INSTITUTO FEDERAL DE MINAS GERAIS CENTRO DE REFERÊNCIA DE SÃO GONÇALO DO RIO PRETO;13/06/2014 19:42:58;MG;São Gonçalo do Rio Preto
2;;IFMG;INSTITUTO FEDERAL DE MINAS GERAIS CENTRO DE REFERÊNCIA DE SÃO PEDRO DO SUAÇUÍ;13/06/2014 19:46:22;MG;São Pedro do Suaçuí
2;;IFMG;INSTITUTO FEDERAL DE MINAS GERAIS CENTRO DE REFERÊNCIA DE SERRO;13/06/2014 19:53:18;MG;Serro
2;;IFMG;INSTITUTO FEDERAL DE MINAS GERAIS CENTRO DE REFERÊNCIA DE TAQUARAÇU DE MINAS;13/06/2014 20:47:55;MG;Taquaraçu de Minas
2;;IFMG;INSTITUTO FEDERAL DE MINAS GERAIS CENTRO DE REFERÊNCIA DE VESPASIANO;13/06/2014 20:52:36;MG;Vespasiano
2;;IFMG;INSTITUTO FEDERAL DE MINAS GERAIS CENTRO DE REFERÊNCIA DE VISCONDE DE RIO BRANCO;13/06/2014 18:57:32;MG;Visconde do Rio Branco
2;;IFMG;INSTITUTO FEDERAL DE MINAS GERAIS CENTRO DE REFERÊNCIA NEPOMUCENO;14/06/2014 09:58:06;MG;Nepomuceno
2;;IFMG;INSTITUTO FEDERAL DE MINAS GERAIS CENTRO DE REFERÊNCIA NOVA ERA;14/06/2014 13:03:38;MG;Nova Era
2;;IFMG;INSTITUTO FEDERAL DE MINAS GERAIS CENTRO DE REFERÊNCIA PEDRA BONITA;14/06/2014 13:06:16;MG;Pedra Bonita
2;;IFMG;INSTITUTO FEDERAL DE MINAS GERAIS CENTRO DE REFERÊNCIA RAUL SOARES;14/06/2014 13:09:10;MG;Raul Soares
2;;IFMG;INSTITUTO FEDERAL DE MINAS GERAIS CENTRO DE REFERÊNCIA RIO ESPERA;06/02/2015 16:11:19;MG;Rio Espera
2;;IFMG;INSTITUTO FEDERAL DE MINAS GERAIS CENTRO DE REFERÊNCIA SÃO DOMINGOS DO PRATA;14/06/2014 13:15:01;MG;São Domingos do Prata
2;;IFMG;INSTITUTO FEDERAL DE MINAS GERAIS CENTRO DE REFERÊNCIA SÃO PEDRO DOS FERROS;14/06/2014 13:17:39;MG;São Pedro dos Ferros
2;;IFPE;INSTITUTO FEDERAL DE PERNAMBUCO CAMPUS ABREU E LIMA;27/03/2014 12:36:38;PE;Abreu e Lima
2;;IFPE;Instituto Federal de Pernambuco - Campus Afogados da Ingazeira;27/08/2010 13:08:52;PE;Afogados da Ingazeira
2;;IFPE;Instituto Federal de Pernambuco - Campus Barreiros;05/03/2009 08:43:36;PE;Barreiros
2;;IFPE;Instituto Federal de Pernambuco - Campus Belo Jardim;05/03/2009 08:47:50;PE;Belo Jardim
2;;IFPE;Instituto Federal de Pernambuco - Campus Cabo de Santo Agostinho;07/02/2014 12:25:29;PE;Cabo de Santo Agostinho
2;;IFPE;Instituto Federal de Pernambuco - Campus Caruaru;27/08/2010 12:28:54;PE;Caruaru
2;;IFPE;Instituto Federal de Pernambuco - Campus Garanhuns;27/08/2010 12:52:06;PE;Garanhuns
2;;IFPE;Instituto Federal de Pernambuco - Campus Igarassu;27/03/2014 11:17:52;PE;Igarassu
2;;null;INSTITUTO FEDERAL DE PERNAMBUCO CAMPUS IGARASSU;11/12/2014 12:38:23;PE;Igarassu
2;;IFPE;Instituto Federal de Pernambuco - Campus Ipojuca;05/03/2009 09:07:45;PE;Ipojuca
2;;IFPE;Instituto Federal de Pernambuco - Campus Jaboatão dos Guararapes;07/02/2014 15:23:09;PE;Jaboatão dos Guararapes
2;;IFPE;Instituto Federal de Pernambuco - Campus Olinda;27/03/2014 10:28:43;PE;Olinda
2;;IFPE;Instituto Federal de Pernambuco - Campus Palmares;27/03/2014 10:22:45;PE;Palmares
2;;IFPE;Instituto Federal de Pernambuco - Campus Paulista;27/03/2014 11:39:33;PE;Paulista
2;;IFPE;Instituto Federal de Pernambuco - Campus Pesqueira;05/03/2009 09:15:43;PE;Pesqueira
2;;IFPE;Instituto Federal de Pernambuco - Campus Recife;05/03/2009 08:40:39;PE;Recife
2;;IFPE;Instituto Federal de Pernambuco - Campus Vitória de Santo Antão;05/03/2009 08:56:13;PE;Vitória de Santo Antão
2;;IFRO;Instituto Federal de Rondônia - Campus Ariquemes;05/03/2009 15:19:09;RO;Ariquemes
2;;null;INSTITUTO FEDERAL DE RONDONIA CAMPUS AVANÇADO SÃO MIGUEL DO GUAPORÉ;17/05/2019 16:13:02;RO;São Miguel do Guaporé
2;;IFRO;Instituto Federal de Rondônia - Campus Cacoal;01/06/2010 11:45:56;RO;Cacoal
2;;IFRO;Instituto Federal de Rondônia - Campus Colorado do Oeste;05/03/2009 15:05:06;RO;Colorado do Oeste
2;;IFRO;INSTITUTO FEDERAL DE RONDÔNIA CAMPUS GUAJARÁMIRIM;31/01/2014 18:01:10;RO;Guajará-Mirim
2;;IFRO;INSTITUTO FEDERAL DE RONDONIA CAMPUS JARU;01/06/2016 11:30:02;RO;Jaru
2;;IFRO;Instituto Federal de Rondônia - Campus Ji-Paraná;15/05/2009 10:21:21;RO;Ji-Paraná
2;;IFRO;Instituto Federal de Rondônia - Campus Porto Velho Calama;05/03/2009 14:59:12;RO;Porto Velho
2;;IFRO;Instituto Federal de Rondônia - Campus Porto Velho Zona Norte;31/05/2010 17:05:19;RO;Porto Velho
2;;IFRO;Instituto Federal de Rondônia - Campus Vilhena;01/06/2010 16:57:46;RO;Vilhena
2;;IFRR;Instituto Federal de Roraima - Campus Amajari;13/10/2010 15:07:29;RR;Amajari
2;;IFRR;INSTITUTO FEDERAL DE RORAIMA CAMPUS AVANÇADO BONFIM;06/02/2015 11:13:20;RR;Bonfim
2;;IFRR;Instituto Federal de Roraima - Campus Boa Vista;02/03/2009 17:57:38;RR;Boa Vista
2;;IFRR;INSTITUTO FEDERAL DE RORAIMA CAMPUS BOA VISTA ZONA OESTE;06/02/2014 11:22:56;RR;Boa Vista
2;;IFRR;Instituto Federal de Roraima - Campus Novo Paraíso;02/03/2009 18:12:33;RR;Caracaraí
2;;IFRR;INSTITUTO FEDERAL DE RORAIMA CAMPUS ZONA OESTE;29/11/2013 13:06:27;RR;Boa Vista
2;;IFSC;Instituto Federal de Santa Catarina - Campus Araranguá;12/03/2009 08:55:45;SC;Araranguá
2;;IFSC;INSTITUTO FEDERAL DE SANTA CATARINA CAMPUS AVANÇADO SÃO LOURENÇO DO OESTE;01/04/2014 15:07:32;SC;São Lourenço do Oeste
2;;IFSC;Instituto Federal de Santa Catarina - Campus Caçador;04/11/2010 11:28:45;SC;Caçador
2;;IFSC;Instituto Federal de Santa Catarina - Campus Canoinhas;04/11/2010 10:38:31;SC;Canoinhas
2;;IFSC;Instituto Federal de Santa Catarina - Campus Chapecó;04/03/2009 15:18:34;SC;Chapecó
2;;IFSC;Instituto Federal de Santa Catarina - Campus Criciúma;04/11/2010 11:08:29;SC;Criciúma
2;;IFSC;Instituto Federal de Santa Catarina - Campus Florianópolis;04/03/2009 14:43:31;SC;Florianópolis
2;;IFSC;Instituto Federal de Santa Catarina - Campus Florianópolis Continente;04/03/2009 15:02:45;SC;Florianópolis
2;;IFSC;Instituto Federal de Santa Catarina - Campus Garopaba;26/10/2010 16:32:24;SC;Garopaba
2;;IFSC;Instituto Federal de Santa Catarina - Campus Gaspar;04/11/2010 10:44:27;SC;Gaspar
2;;IFSC;Instituto Federal de Santa Catarina - Campus Itajaí;04/11/2010 10:30:20;SC;Itajaí
2;;IFSC;Instituto Federal de Santa Catarina - Campus Jaraguá do Sul;04/03/2009 15:07:00;SC;Jaraguá do Sul
2;;IFSC;Instituto Federal de Santa Catarina - Campus Jaraguá do Sul Rau;04/11/2010 11:31:40;SC;Jaraguá do Sul
2;;IFSC;Instituto Federal de Santa Catarina - Campus Joinville;04/03/2009 15:10:07;SC;Joinville
2;;IFSC;Instituto Federal de Santa Catarina - Campus Lages;04/11/2010 11:11:37;SC;Lages
2;;IFSC;Instituto Federal de Santa Catarina - Campus Palhoça;04/11/2010 11:15:33;SC;Palhoça
2;;IFSC;INSTITUTO FEDERAL DE SANTA CATARINA CAMPUS SÃO CARLOS;18/11/2013 17:21:48;SC;São Carlos
2;;IFSC;Instituto Federal de Santa Catarina - Campus São José;04/03/2009 14:56:52;SC;São José
2;;IFSC;Instituto Federal de Santa Catarina - Campus São Miguel do Oeste;04/11/2010 10:50:07;SC;São Miguel do Oeste
2;;IFSC;INSTITUTO FEDERAL DE SANTA CATARINA CAMPUS TUBARÃO;19/11/2013 17:42:53;SC;Tubarão
2;;IFSC;Instituto Federal de Santa Catarina - Campus Urupema;04/11/2010 11:34:34;SC;Urupema
2;;IFSC;Instituto Federal de Santa Catarina - Campus Xanxerê;04/11/2010 11:19:09;SC;Xanxerê
2;;IFSC;INSTITUTO FEDERAL DE SANTA CATARINA CENTRO DE REFERÊNCIA EM FORMAÇÃO E EDUCAÇÃO A DISTÂNCIA;05/08/2014 15:02:20;SC;Florianópolis
2;;IFSP;Instituto Federal de São Paulo - Campus Araraquara;13/08/2010 11:05:46;SP;Araraquara
2;;IFSP;INSTITUTO FEDERAL DE SÃO PAULO CAMPUS AVANÇADO ARARAS;03/02/2014 18:39:07;SP;Araras
2;;IFSP;INSTITUTO FEDERAL DE SÃO PAULO CAMPUS AVANÇADO FERNANDÓPOLIS;31/10/2014 12:28:06;SP;Fernandópolis
2;;IFSP;INSTITUTO FEDERAL DE SÃO PAULO CAMPUS AVANÇADO ILHA SOLTEIRA;29/09/2014 18:01:19;SP;Ilha Solteira
2;;IFSP;INSTITUTO FEDERAL DE SÃO PAULO CAMPUS AVANÇADO JUNDIAÍ;14/05/2014 17:48:20;SP;Jundiaí
2;;IFSP;INSTITUTO FEDERAL DE SÃO PAULO CAMPUS AVANÇADO LIMEIRA;03/02/2014 18:17:34;SP;Limeira
2;;IFSP;INSTITUTO FEDERAL DE SÃO PAULO CAMPUS AVANÇADO MOCOCA;03/02/2014 18:26:21;SP;Mococa
2;;IFSP;INSTITUTO FEDERAL DE SÃO PAULO CAMPUS AVANÇADO PARAGUAÇU PAULISTA;03/02/2014 18:32:47;SP;Paraguaçu Paulista
2;;IFSP;INSTITUTO FEDERAL DE SÃO PAULO CAMPUS AVANÇADO PIRASSUNUNGA;03/02/2014 18:47:48;SP;Pirassununga
2;;IFSP;INSTITUTO FEDERAL DE SÃO PAULO CAMPUS AVANÇADO PRESIDENTE PRUDENTE;03/02/2014 18:54:04;SP;Presidente Prudente
2;;IFSP;INSTITUTO FEDERAL DE SÃO PAULO CAMPUS AVANÇADO RIBEIRÃO PRETO;04/02/2014 17:14:50;SP;Ribeirão Preto
2;;IFSP;INSTITUTO FEDERAL DE SÃO PAULO CAMPUS AVANÇADO RIO CLARO;04/02/2014 17:28:11;SP;Rio Claro
2;;IFSP;INSTITUTO FEDERAL DE SÃO PAULO CAMPUS AVANÇADO SANTO ANDRÉ;04/02/2014 17:41:59;SP;Santo André
2;;null;INSTITUTO FEDERAL DE SÃO PAULO - campus avançado são paulo são miguel;22/08/2016 15:39:52;SP;São Paulo
2;;IFSP;INSTITUTO FEDERAL DE SÃO PAULO CAMPUS AVANÇADO TUPÃ;29/09/2014 18:31:43;SP;Tupã
2;;IFSP;INSTITUTO FEDERAL DE SÃO PAULO CAMPUS AVANÇADO UBATUBA;04/02/2014 18:03:11;SP;Ubatuba
2;;IFSP;Instituto Federal de São Paulo - Campus Avaré;31/05/2011 17:05:38;SP;Avaré
2;;IFSP;Instituto Federal de São Paulo - Campus Barretos;13/08/2010 10:59:21;SP;Barretos
2;;IFSP;INSTITUTO FEDERAL DE SÃO PAULO CAMPUS BAURU;10/02/2014 11:41:09;SP;Bauru
2;;IFSP;Instituto Federal de São Paulo - Campus Birigui;13/08/2010 10:52:07;SP;Birigui
2;;IFSP;Instituto Federal de São Paulo - Campus Boituva;26/11/2010 10:37:05;SP;Boituva
2;;IFSP;Instituto Federal de São Paulo - Campus Bragança Paulista;04/03/2009 17:33:14;SP;Bragança Paulista
2;;IFSP;INSTITUTO FEDERAL DE SÃO PAULO CAMPUS CAMPINAS;26/09/2013 18:36:26;SP;Campinas
2;;IFSP;Instituto Federal de São Paulo - Campus Campos do Jordão;04/03/2009 18:00:37;SP;Campos do Jordão
2;;IFSP;Instituto Federal de São Paulo - Campus Capivari;23/11/2010 17:37:54;SP;Capivari
2;;IFSP;Instituto Federal de São Paulo - Campus Caraguatatuba;04/03/2009 17:36:48;SP;Caraguatatuba
2;;IFSP;INSTITUTO FEDERAL DE SÃO PAULO CAMPUS CARAPICUÍBA;10/02/2014 11:45:25;SP;Carapicuíba
2;;IFSP;Instituto Federal de São Paulo - Campus Catanduva;13/08/2010 10:42:56;SP;Catanduva
2;;IFSP;Instituto Federal de São Paulo - Campus Cubatão;03/03/2009 18:15:45;SP;Cubatão
2;;IFSP;Instituto Federal de São Paulo - Campus Guarulhos;03/03/2009 18:36:35;SP;Guarulhos
2;;IFSP;Instituto Federal de São Paulo - Campus Hortolândia;03/12/2010 16:43:49;SP;Hortolândia
2;;IFSP;INSTITUTO FEDERAL DE SÃO PAULO CAMPUS ITAPECERICA DA SERRA;10/02/2014 11:49:06;SP;Itapecerica da Serra
2;;IFSP;Instituto Federal de São Paulo - Campus Itapetininga;12/08/2010 17:48:21;SP;Itapetininga
2;;IFSP;INSTITUTO FEDERAL DE SÃO PAULO CAMPUS ITAPEVA;10/02/2014 11:54:52;SP;Itapeva
2;;IFSP;INSTITUTO FEDERAL DE SÃO PAULO CAMPUS ITAQUAQUECETUBA;10/02/2014 11:58:57;SP;Itaquaquecetuba
2;;IFSP;INSTITUTO FEDERAL DE SÃO PAULO CAMPUS JACAREÍ;10/02/2014 12:02:26;SP;Jacareí
2;;IFSP;INSTITUTO FEDERAL DE SÃO PAULO CAMPUS MARÍLIA;10/02/2014 12:09:39;SP;Marília
2;;IFSP;INSTITUTO FEDERAL DE SÃO PAULO CAMPUS MATÃO;22/09/2010 13:44:28;SP;Matão
2;;IFSP;Instituto Federal de São Paulo - Campus Piracicaba;13/08/2010 11:14:24;SP;Piracicaba
2;;IFSP;Instituto Federal de São Paulo - Campus Presidente Epitácio;03/12/2010 16:52:55;SP;Presidente Epitácio
2;;IFSP;Instituto Federal de São Paulo - Campus Registro;25/05/2012 12:45:21;SP;Registro
2;;IFSP;Instituto Federal de São Paulo - Campus Salto;04/03/2009 17:51:04;SP;Salto
2;;IFSP;Instituto Federal de São Paulo - Campus São Carlos;12/03/2009 09:02:19;SP;São Carlos
2;;IFSP;Instituto Federal de São Paulo - Campus São João da Boa Vista;03/03/2009 19:45:54;SP;São João da Boa Vista
2;;IFSP;Instituto Federal de São Paulo - Campus São José dos Campos;04/05/2012 18:21:24;SP;São José dos Campos
2;;IFSP;Instituto Federal de São Paulo - Campus São Paulo;03/03/2009 12:10:35;SP;São Paulo
2;;IFSP;INSTITUTO FEDERAL DE SÃO PAULO CAMPUS SÃO PAULO PIRITUBA;16/06/2015 16:04:45;SP;São Paulo
2;;IFSP;Instituto Federal de São Paulo - Campus São Roque;04/03/2009 17:56:54;SP;São Roque
2;;IFSP;Instituto Federal de São Paulo - Campus Sertãozinho;03/03/2009 18:25:16;SP;Sertãozinho
2;;IFSP;INSTITUTO FEDERAL DE SÃO PAULO CAMPUS SOROCABA;04/02/2014 17:46:49;SP;Sorocaba
2;;IFSP;Instituto Federal de São Paulo - Campus Suzano;13/08/2010 11:18:51;SP;Suzano
2;;IFSP;Instituto Federal de São Paulo - Campus Votuporanga;13/08/2010 11:22:17;SP;Votuporanga
2;;null;INSTITUTO FEDERAL DE SÃO PAULO - CENTRO DE REFERÊNCIA EM EDUCAÇÃO A DISTÂNCIA;18/07/2019 12:03:10;SP;São Paulo
2;;IFS;Instituto Federal de Sergipe - Campus Aracaju;09/03/2009 11:15:00;SE;Aracaju
2;;IFS;Instituto Federal de Sergipe - Campus Estância;16/03/2011 15:21:45;SE;Estância
2;;IFS;Instituto Federal de Sergipe - Campus Itabaiana;16/03/2011 15:11:00;SE;Itabaiana
2;;IFS;Instituto Federal de Sergipe - Campus Lagarto;12/05/2009 09:37:02;SE;Lagarto
2;;IFS;Instituto Federal de Sergipe - Campus Nossa Senhora da Glória;18/03/2011 14:41:09;SE;Nossa Senhora da Glória
2;;IFS;INSTITUTO FEDERAL DE SERGIPE CAMPUS NOSSA SENHORA DO SOCORRO;30/01/2014 11:18:25;SE;Aracaju
2;;IFS;INSTITUTO FEDERAL DE SERGIPE CAMPUS POÇO REDONDO;27/03/2014 15:32:23;SE;Poço Redondo
2;;IFS;INSTITUTO FEDERAL DE SERGIPE CAMPUS PROPRIÁ;30/01/2014 11:23:05;SE;Propriá
2;;IFS;Instituto Federal de Sergipe - Campus São Cristóvão;12/05/2009 10:01:36;SE;São Cristóvão
2;;IFS;INSTITUTO FEDERAL DE SERGIPE CAMPUS TOBIAS BARRETO;30/01/2014 11:28:32;SE;Tobias Barreto
2;;IFS;INSTITUTO FEDERAL DE SERGIPE CENTRO DE REFERÊNCIA ARACAJÚ;13/06/2014 17:55:03;SE;Aracaju
2;;IFAC;Instituto Federal do Acre - Campus Avançado Rio Branco Baixada do Sol;27/01/2014 20:25:49;AC;Rio Branco
2;;IFAC;Instituto Federal do Acre - Campus Cruzeiro do Sul;24/11/2010 16:48:48;AC;Cruzeiro do Sul
2;;IFAC;Instituto Federal do Acre - Campus Rio Branco;15/07/2010 10:40:46;AC;Rio Branco
2;;IFAC;Instituto Federal do Acre - Campus Sena Madureira;24/11/2010 16:40:10;AC;Sena Madureira
2;;IFAC;Instituto Federal do Acre - Campus Tarauacá;25/08/2014 18:48:28;AC;Tarauacá
2;;null;INSTITUTO FEDERAL DO ACRE CAMPUS TARAUACÁ;27/08/2014 18:16:48;AC;Tarauacá
2;;IFAC;Instituto Federal do Acre - Campus Xapuri;07/06/2011 09:41:27;AC;Xapuri
2;;IFAP;INSTITUTO FEDERAL DO AMAPÁ - CAMPUS AVANÇADO OIAPOQUE;13/06/2016 16:46:49;AP;Oiapoque
2;;IFAP;Instituto Federal do Amapá - Campus Laranjal do Jari;10/09/2010 14:40:12;AP;Laranjal do Jari
2;;null;Instituto federal do AMAPÁ  CAMPUS MACAPÁ;05/03/2009 09:54:22;AP;Macapá
2;;IFAP;Instituto Federal do Amapá - Campus Macapá;30/09/2010 17:50:11;AP;Macapá
2;;IFAP;INSTITUTO FEDERAL DO AMAPÁ CAMPUS PORTO GRANDE;07/02/2014 10:21:07;AP;Porto Grande
2;;IFAP;INSTITUTO FEDERAL DO AMAPÁ CAMPUS SANTANA;07/02/2014 10:43:31;AP;Santana
2;;IFAP;INSTITUTO FEDERAL DO AMAPÁ CENTRO DE REFERÊNCIA PEDRA BRANCA DO AMAPARI;09/05/2014 09:43:25;AP;Pedra Branca do Amapari
2;;IFAM;INSTITUTO FEDERAL DO AMAZONAS - Campus Avançado IRANDUBA;07/04/2015 11:10:58;AM;Iranduba
2;;IFAM;INSTITUTO FEDERAL DO AMAZONAS CAMPUS AVANÇADO MANACAPURU;22/04/2014 13:19:34;AM;Manacapuru
2;;null;INSTITUTO FEDERAL DO AMAZONAS CAMPUS AVANÇADO MANACAPURU;30/01/2014 12:50:12;AM;Manaus
2;;IFAM;Instituto Federal do Amazonas - Campus Coari;05/03/2009 10:24:50;AM;Coari
2;;IFAM;Instituto Federal do Amazonas - Campus Eirunepé;16/04/2014 08:51:23;AM;Eirunepé
2;;null;INSTITUTO FEDERAL DO AMAZONAS CAMPUS EIRUNEPÉ;30/01/2014 12:54:02;AM;Manaus
2;;IFAM;Instituto Federal do Amazonas - Campus Humaitá;04/02/2014 12:06:57;AM;Humaitá
2;;IFAM;Instituto Federal do Amazonas - Campus Itacoatiara;16/04/2014 08:47:23;AM;Itacoatiara
2;;null;INSTITUTO FEDERAL DO AMAZONAS CAMPUS ITACOATIARA;30/01/2014 12:58:03;AM;Manaus
2;;IFAM;Instituto Federal do Amazonas - Campus Lábrea;01/06/2010 17:02:34;AM;Lábrea
2;;IFAM;Instituto Federal do Amazonas - Campus Manaus Centro;05/03/2009 10:03:56;AM;Manaus
2;;IFAM;Instituto Federal do Amazonas - Campus Manaus Distrito Industrial;05/03/2009 10:13:59;AM;Manaus
2;;IFAM;Instituto Federal do Amazonas - Campus Manaus Zona Leste;05/03/2009 10:54:35;AM;Manaus
2;;IFAM;Instituto Federal do Amazonas - Campus Maués;01/06/2010 17:41:16;AM;Maués
2;;IFAM;Instituto Federal do Amazonas - Campus Parintins;08/06/2010 11:00:11;AM;Parintins
2;;IFAM;Instituto Federal do Amazonas - Campus Presidente Figueiredo;08/06/2010 13:39:15;AM;Presidente Figueiredo
2;;IFAM;Instituto Federal do Amazonas - Campus São Gabriel da Cachoeira;09/03/2009 16:00:30;AM;São Gabriel da Cachoeira
2;;IFAM;Instituto Federal do Amazonas - Campus Tabatinga;08/06/2010 13:43:51;AM;Tabatinga
2;;IFAM;Instituto Federal do Amazonas - Campus Tefé;16/04/2014 08:43:20;AM;Tefé
2;;null;INSTITUTO FEDERAL DO AMAZONAS CAMPUS TEFÉ;30/01/2014 13:48:07;AM;Manaus
2;;null;INSTITUTO FEDERAL DO CEARÁ - CAMPOS FORTALEZA;19/05/2009 17:03:38;CE;Fortaleza
2;;null;INSTITUTO FEDERAL DO CEARÁ - CAMPOS JUAZEIRO DO NORTE;19/05/2009 17:17:53;CE;Juazeiro do Norte
2;;null;INSTITUTO FEDERAL DO CEARÁ - CAMPOS MARACANAÚ;19/05/2009 17:14:32;CE;Maracanaú
2;;IFCE;Instituto Federal do Ceará - Campus Acaraú;19/10/2010 15:16:44;CE;Acaraú
2;;IFCE;INSTITUTO FEDERAL DO CEARÁ CAMPUS ACOPIARA;29/01/2014 16:32:06;CE;Acopiara
2;;IFCE;Instituto Federal do Ceará - Campus Aracati;07/06/2011 10:15:00;CE;Aracati
2;;null;INSTITUTO FEDERAL DO CEARÁ CAMPUS ARACATI;21/03/2011 12:18:43;CE;Aracati
2;;IFCE;INSTITUTO FEDERAL DO CEARÁ CAMPUS AVANÇADO GUARAMIRANGA;06/06/2014 15:14:32;CE;Guaramiranga
2;;IFCE;INSTITUTO FEDERAL DO CEARÁ CAMPUS AVANÇADO ICAPUÍ;10/06/2014 17:30:00;CE;Icapuí
2;;IFCE;INSTITUTO FEDERAL DO CEARÁ CAMPUS AVANÇADO JAGUARUANA;06/06/2014 14:00:27;CE;Jaguaruana
2;;IFCE;INSTITUTO FEDERAL DO CEARÁ - CAMPUS AVANÇADO PECÉM;01/03/2016 15:11:33;CE;Caucaia
2;;null;INSTITUTO FEDERAL DO CEARÁ - CAMPUS AVANÇADO PECÉM inativo;10/11/2014 10:02:43;CE;Caucaia
2;;IFCE;INSTITUTO FEDERAL DO CEARÁ CAMPUS AVANÇADO SANTA QUITÉRIA;06/06/2014 14:18:43;CE;Santa Quitéria
2;;IFCE;Instituto Federal do Ceará - Campus Baturité;05/10/2010 17:23:17;CE;Baturité
2;;IFCE;INSTITUTO FEDERAL DO CEARÁ CAMPUS BOA VIAGEM;29/01/2014 16:42:51;CE;Boa Viagem
2;;IFCE;Instituto Federal do Ceará - Campus Camocim;07/06/2011 17:25:13;CE;Camocim
2;;IFCE;Instituto Federal do Ceará - Campus Canindé;18/06/2010 15:56:59;CE;Canindé
2;;IFCE;Instituto Federal do Ceará - Campus Caucaia;07/06/2011 17:33:30;CE;Caucaia
2;;IFCE;Instituto Federal do Ceará - Campus Cedro;09/03/2009 16:08:23;CE;Cedro
2;;IFCE;Instituto Federal do Ceará - Campus Crateús;19/10/2010 15:55:34;CE;Crateús
2;;IFCE;Instituto Federal do Ceará - Campus Crato;09/03/2009 16:26:08;CE;Crato
2;;IFCE;Instituto Federal do Ceará - Campus Fortaleza;09/03/2009 16:04:11;CE;Fortaleza
2;;IFCE;INSTITUTO FEDERAL DO CEARÁ CAMPUS HORIZONTE;29/01/2014 16:49:58;CE;Horizonte
2;;IFCE;Instituto Federal do Ceará - Campus Iguatu;09/03/2009 16:28:20;CE;Iguatu
2;;IFCE;INSTITUTO FEDERAL DO CEARÁ CAMPUS ITAPIPOCA;29/01/2014 18:40:13;CE;Itapipoca
2;;IFCE;Instituto Federal do Ceará - Campus Jaguaribe;21/03/2011 14:33:21;CE;Jaguaribe
2;;IFCE;Instituto Federal do Ceará - Campus Juazeiro do Norte;09/03/2009 16:14:28;CE;Juazeiro do Norte
2;;IFCE;Instituto Federal do Ceará - Campus Limoeiro do Norte;19/05/2009 17:24:26;CE;Limoeiro do Norte
2;;IFCE;Instituto Federal do Ceará - Campus Maracanaú;09/03/2009 16:19:33;CE;Maracanaú
2;;IFCE;INSTITUTO FEDERAL DO CEARÁ CAMPUS MARANGUAPE;29/01/2014 19:02:44;CE;Maranguape
2;;IFCE;Instituto Federal do Ceará - Campus Morada Nova;07/06/2011 17:36:31;CE;Morada Nova
2;;IFCE;INSTITUTO FEDERAL DO CEARÁ CAMPUS PARACURU;29/01/2014 19:14:57;CE;Paracuru
2;;IFCE;Instituto Federal do Ceará - Campus Quixadá;10/03/2009 09:32:49;CE;Quixadá
2;;IFCE;Instituto Federal do Ceará - Campus Sobral;19/05/2009 17:11:32;CE;Sobral
2;;IFCE;Instituto Federal do Ceará - Campus Tabuleiro do Norte;07/06/2011 17:43:35;CE;Tabuleiro do Norte
2;;IFCE;Instituto Federal do Ceará - Campus Tauá;06/10/2010 11:07:01;CE;Tauá
2;;IFCE;Instituto Federal do Ceará - Campus Tianguá;05/10/2010 17:36:26;CE;Tianguá
2;;IFCE;Instituto Federal do Ceará - Campus Ubajara;07/06/2011 17:49:49;CE;Ubajara
2;;IFCE;Instituto Federal do Ceará - Campus Umirim;24/10/2013 14:30:24;CE;Umirim
2;;null;INSTITUTO FEDERAL DO CEARÁ - CEDRO;19/05/2009 17:27:04;CE;Cedro
2;;IFCE;INSTITUTO FEDERAL DO CEARÁ CENTRO DE REFERÊNCIA QUIXERAMOBIM;13/06/2014 17:14:47;CE;Quixeramobim
2;;null;INSTITUTO FEDERAL DO CEARÁ - CRATO;19/05/2009 17:29:16;CE;Crato
2;;null;INSTITUTO FEDERAL DO CEARÁ - IGUATU;19/05/2009 17:32:05;CE;Iguatu
2;;null;INSTITUTO FEDERAL DO CEARÁ - QUIXADÁ;19/05/2009 17:21:30;CE;Quixadá
2;;IFES;Instituto Federal do Espírito Santo - Campus Alegre;05/03/2009 10:07:34;ES;Alegre
2;;IFES;Instituto Federal do Espírito Santo - Campus Aracruz;15/05/2009 09:01:59;ES;Aracruz
2;;IFES;INSTITUTO FEDERAL DO ESPÍRITO SANTO CAMPUS AVANÇADO VIANA;17/03/2014 19:05:08;ES;Viana
2;;IFES;Instituto Federal do Espírito Santo - Campus Barra de São Francisco;12/09/2012 22:42:40;ES;Barra de São Francisco
2;;IFES;Instituto Federal do Espírito Santo - Campus Cachoeiro de Itapemirim;05/03/2009 10:16:47;ES;Cachoeiro de Itapemirim
2;;IFES;Instituto Federal do Espírito Santo - Campus Cariacica;05/03/2009 10:10:16;ES;Cariacica
2;;IFES;Instituto Federal do Espírito Santo - Campus Centro Serrano;15/07/2011 17:01:58;ES;Santa Maria de Jetibá
2;;IFES;Instituto Federal do Espírito Santo - Campus Colatina;05/03/2009 10:22:18;ES;Colatina
2;;IFES;Instituto Federal do Espírito Santo - Campus Guarapari;18/06/2010 11:24:52;ES;Guarapari
2;;IFES;Instituto Federal do Espírito Santo - Campus Ibatiba;11/01/2011 16:53:52;ES;Ibatiba
2;;IFES;Instituto Federal do Espírito Santo - Campus Itapina;05/03/2009 10:19:25;ES;Colatina
2;;IFES;Instituto Federal do Espírito Santo - Campus Linhares;15/05/2009 09:21:05;ES;Linhares
2;;IFES;Instituto Federal do Espírito Santo - Campus Montanha;12/09/2012 22:30:49;ES;Montanha
2;;IFES;Instituto Federal do Espírito Santo - Campus Nova Venécia;15/05/2009 09:11:57;ES;Nova Venécia
2;;IFES;Instituto Federal do Espírito Santo - Campus Piúma;18/06/2010 11:29:32;ES;Piúma
2;;IFES;Instituto Federal do Espírito Santo - Campus Santa Teresa;05/03/2009 10:30:15;ES;Santa Teresa
2;;IFES;Instituto Federal do Espírito Santo - Campus São Mateus;05/03/2009 10:40:11;ES;São Mateus
2;;IFES;Instituto Federal do Espírito Santo - Campus Serra;05/03/2009 10:44:51;ES;Serra
2;;IFES;Instituto Federal do Espírito Santo - Campus Venda Nova do Imigrante;30/03/2010 14:57:06;ES;Venda Nova do Imigrante
2;;IFES;Instituto Federal do Espírito Santo - Campus Vila Velha;24/03/2011 10:21:55;ES;Vila Velha
2;;IFES;Instituto Federal do Espírito Santo - Campus Vitória;05/03/2009 09:52:37;ES;Vitória
2;;IFES;INSTITUTO FEDERAL DO ESPIRITO SANTO - CENTRO DE REFERÊNCIA EM FORMAÇÃO E EM EDUCAÇÃO A DISTÂNCIA;28/08/2014 17:46:29;ES;Vitória
2;;IFMA;Instituto Federal do Maranhão - Campus Açailândia;05/03/2009 11:30:06;MA;Açailândia
2;;IFMA;Instituto Federal do Maranhão - Campus Alcântara;06/07/2010 16:16:25;MA;Alcântara
2;;IFMA;INSTITUTO FEDERAL DO MARANHÃO CAMPUS ARAIOSES;11/06/2014 14:35:38;MA;Araioses
2;;IFMA;INSTITUTO FEDERAL DO MARANHÃO CAMPUS AVANÇADO CAROLINA;10/06/2014 16:32:30;MA;Carolina
2;;IFMA;INSTITUTO FEDERAL DO MARANHÃO CAMPUS AVANÇADO PORTO FRANCO;10/06/2014 16:28:44;MA;Porto Franco
2;;IFMA;INSTITUTO FEDERAL DO MARANHÃO CAMPUS AVANÇADO ROSÁRIO;11/06/2014 14:31:10;MA;Rosário
2;;IFMA;Instituto Federal do Maranhão - Campus Bacabal;21/04/2011 17:46:05;MA;Bacabal
2;;IFMA;Instituto Federal do Maranhão - Campus Barra do Corda;23/03/2011 11:23:12;MA;Barra do Corda
2;;IFMA;Instituto Federal do Maranhão - Campus Barreirinhas;22/03/2011 11:03:27;MA;Barreirinhas
2;;IFMA;Instituto Federal do Maranhão - Campus Buriticupu;05/03/2009 11:24:03;MA;Buriticupu
2;;IFMA;Instituto Federal do Maranhão - Campus Caxias;30/05/2011 17:43:47;MA;Caxias
2;;IFMA;Instituto Federal do Maranhão - Campus Codó;05/03/2009 10:59:21;MA;Codó
2;;IFMA;Instituto Federal do Maranhão - Campus Coelho Neto;05/04/2013 12:44:11;MA;Coelho Neto
2;;IFMA;INSTITUTO FEDERAL DO MARANHÃO CAMPUS GRAJAÚ;07/02/2014 15:42:30;MA;Grajaú
2;;IFMA;Instituto Federal do Maranhão - Campus Imperatriz;05/03/2009 11:04:14;MA;Imperatriz
2;;IFMA;INSTITUTO FEDERAL DO MARANHÃO CAMPUS ITAPECURU MIRIM;10/06/2014 16:19:44;MA;Itapecuru Mirim
2;;IFMA;INSTITUTO FEDERAL DO MARANHÃO CAMPUS PEDREIRAS;07/02/2014 15:52:51;MA;Pedreiras
2;;IFMA;Instituto Federal do Maranhão - Campus Pinheiro;13/05/2011 18:25:00;MA;Pinheiro
2;;IFMA;INSTITUTO FEDERAL DO MARANHÃO CAMPUS PRESIDENTE DUTRA;11/06/2014 14:40:03;MA;Presidente Dutra
2;;IFMA;Instituto Federal do Maranhão - Campus Santa Inês;05/03/2009 11:32:39;MA;Santa Inês
2;;IFMA;Instituto Federal do Maranhão - Campus São João dos Patos;22/03/2011 14:36:22;MA;São João dos Patos
2;;IFMA;INSTITUTO FEDERAL DO MARANHÃO CAMPUS SÃO JOSÉ DE RIBAMAR;11/06/2014 14:44:08;MA;São José de Ribamar
2;;IFMA;Instituto Federal do Maranhão - Campus São Luís Centro Histórico;05/03/2009 11:26:57;MA;São Luís
2;;IFMA;Instituto Federal do Maranhão - Campus São Luís Maracanã;05/03/2009 10:54:36;MA;São Luís
2;;IFMA;Instituto Federal do Maranhão - Campus São Luís Monte Castelo;05/03/2009 10:51:58;MA;São Luís
2;;IFMA;Instituto Federal do Maranhão - Campus São Raimundo das Mangabeiras;05/03/2009 11:21:20;MA;São Raimundo das Mangabeiras
2;;IFMA;Instituto Federal do Maranhão - Campus Timon;30/05/2011 17:24:19;MA;Timon
2;;IFMA;INSTITUTO FEDERAL DO MARANHÃO CAMPUS VIANA;10/06/2014 11:01:39;MA;Viana
2;;IFMA;Instituto Federal do Maranhão - Campus Zé Doca;05/03/2009 11:14:57;MA;Zé Doca
2;;IFMS;Instituto Federal do Mato Grosso do Sul - Campus Aquidauana;08/07/2010 12:11:12;MS;Aquidauana
2;;IFMS;Instituto Federal do Mato Grosso do Sul - Campus Campo Grande;28/07/2009 18:23:06;MS;Campo Grande
2;;IFMS;Instituto Federal do Mato Grosso do Sul - Campus Corumbá;17/09/2010 10:03:33;MS;Corumbá
2;;IFMS;Instituto Federal do Mato Grosso do Sul - Campus Coxim;08/07/2010 12:11:58;MS;Coxim
2;;IFMS;INSTITUTO FEDERAL DO MATO GROSSO DO SUL CAMPUS DOURADOS;29/07/2014 09:50:24;MS;Dourados
2;;IFMS;INSTITUTO FEDERAL DO MATO GROSSO DO SUL CAMPUS JARDIM;29/07/2014 09:45:34;MS;Jardim
2;;IFMS;INSTITUTO FEDERAL DO MATO GROSSO DO SUL CAMPUS NAVIRAÍ;29/07/2014 09:58:43;MS;Naviraí
2;;IFMS;Instituto Federal do Mato Grosso do Sul - Campus Nova Andradina;24/02/2010 08:56:03;MS;Nova Andradina
2;;IFMS;Instituto Federal do Mato Grosso do Sul - Campus Ponta Porã;08/07/2010 12:14:40;MS;Ponta Porã
2;;IFMS;Instituto Federal do Mato Grosso do Sul - Campus Três Lagoas;08/07/2010 12:10:44;MS;Três Lagoas
2;;null;INSTITUTO FEDERAL DO NORTE DE MINAS CAMPUS ARAÇUAÍ;16/04/2010 10:10:18;MG;Araçuaí
2;;IFNMG;Instituto Federal do Norte de Minas Gerais - Campus Almenara;28/09/2010 11:24:35;MG;Almenara
2;;IFNMG;Instituto Federal do Norte de Minas Gerais - Campus Araçuaí;15/04/2010 15:36:50;MG;Araçuaí
2;;IFNMG;Instituto Federal do Norte de Minas Gerais - Campus Arinos;11/11/2009 14:35:53;MG;Arinos
2;;IFNMG;INSTITUTO FEDERAL DO NORTE DE MINAS GERAIS - CAMPUS AVANÇADO JANAÚBA;10/06/2014 17:52:13;MG;Janaúba
2;;IFNMG;INSTITUTO FEDERAL DO NORTE DE MINAS GERAIS - campus avançado PORTEIRINHA;13/06/2014 10:52:54;MG;Porteirinha
2;;IFNMG;INSTITUTO FEDERAL DO NORTE DE MINAS GERAIS - CAMPUS DIAMANTINA;10/06/2014 17:20:17;MG;Diamantina
2;;IFNMG;Instituto Federal do Norte de Minas Gerais - Campus Januária;05/03/2009 11:39:46;MG;Januária
2;;IFNMG;Instituto Federal do Norte de Minas Gerais - Campus Montes Claros;28/09/2010 11:28:58;MG;Montes Claros
2;;IFNMG;Instituto Federal do Norte de Minas Gerais - Campus Pirapora;28/09/2010 11:38:14;MG;Pirapora
2;;IFNMG;Instituto Federal do Norte de Minas Gerais - Campus Salinas;05/03/2009 11:43:09;MG;Salinas
2;;IFNMG;INSTITUTO FEDERAL DO NORTE DE MINAS GERAIS - CAMPUS TEÓFILO OTONI;10/06/2014 12:11:17;MG;Teófilo Otoni
2;;null;INSTITUTO FEDERAL DO NORTE DE MINAS GERAIS CENTRO DE REFERÊNCIA BURITIS;02/07/2015 15:31:09;MG;Montes Claros
2;;IFNMG;INSTITUTO FEDERAL DO NORTE DE MINAS GERAIS - CENTRO DE REFERÊNCIA CORINTO;01/10/2014 17:03:39;MG;Corinto
2;;IFNMG;INSTITUTO FEDERAL DO NORTE DE MINAS GERAIS - CENTRO DE REFERÊNCIA EM EDUCAÇÃO A DISTÂNCIA;01/10/2014 17:27:29;MG;Montes Claros
2;;IFPA;Instituto Federal dO PARÁ - Campus Abaetetuba;15/05/2009 10:21:43;PA;Abaetetuba
2;;IFPA;Instituto Federal do Pará - Campus Altamira;05/03/2009 14:04:48;PA;Altamira
2;;IFPA;INSTITUTO FEDERAL DO PARÁ CAMPUS ANANINDEUA;31/01/2014 15:21:01;PA;Ananindeua
2;;IFPA;Instituto Federal do Pará - Campus Avançado Vigia;31/01/2014 16:33:52;PA;Vigia
2;;IFPA;Instituto Federal do Pará - Campus Belém;05/03/2009 13:54:19;PA;Belém
2;;IFPA;Instituto Federal do Pará - Campus Bragança;15/05/2009 10:29:26;PA;Bragança
2;;IFPA;Instituto Federal do Pará - Campus Breves;30/06/2010 09:38:05;PA;Breves
2;;null;INSTITUTO FEDERAL DO PARÁ CAMPUS BREVES;30/06/2010 10:15:53;PA;Breves
2;;IFPA;INSTITUTO FEDERAL DO PARÁ CAMPUS CAMETÁ;26/03/2014 16:12:40;PA;Cametá
2;;IFPA;Instituto Federal do Pará - Campus Castanhal;05/03/2009 13:57:30;PA;Castanhal
2;;IFPA;Instituto Federal do Pará - Campus Conceição do Araguaia;15/05/2009 10:07:04;PA;Conceição do Araguaia
2;;IFPA;Instituto Federal do Pará - Campus Itaituba;29/01/2010 12:45:43;PA;Itaituba
2;;null;INSTITUTO FEDERAL DO PARÁ - CAMPUS ITAITUBA;12/02/2010 11:52:48;PA;Belém
2;;IFPA;Instituto Federal do Pará - Campus Marabá Industrial;05/03/2009 14:15:45;PA;Marabá
2;;IFPA;Instituto Federal do Pará - Campus Marabá Rural;05/03/2009 14:09:42;PA;Marabá
2;;IFPA;Instituto Federal do Pará - Campus Óbidos;05/02/2014 11:16:02;PA;Óbidos
2;;IFPA;INSTITUTO FEDERAL DO PARÁ CAMPUS PARAGOMINAS;26/03/2014 16:06:13;PA;Paragominas
2;;IFPA;INSTITUTO FEDERAL DO PARÁ CAMPUS PARAUAPEBAS;31/01/2014 15:42:18;PA;Parauapebas
2;;IFPA;Instituto Federal do Pará - Campus Santarém;29/01/2010 12:39:00;PA;Santarém
2;;IFPA;Instituto Federal do Pará - Campus Tucuruí;05/03/2009 14:12:22;PA;Tucuruí
2;;IFPR;Instituto Federal do Paraná - Campus Assis Chateaubriand;01/06/2010 17:10:41;PR;Assis Chateaubriand
2;;null;INSTITUTO FEDERAL DO PARANÁ CAMPUS AVANÇADO ARAPONGAS;23/04/2019 15:20:41;PR;Arapongas
2;;IFPR;INSTITUTO FEDERAL DO PARANÁ CAMPUS AVANÇADO ASTORGA;27/01/2014 15:59:26;PR;Astorga
2;;IFPR;INSTITUTO FEDERAL DO PARANÁ CAMPUS AVANÇADO BANDEIRANTES;30/01/2014 10:46:47;PR;Bandeirantes
2;;IFPR;INSTITUTO FEDERAL DO PARANÁ CAMPUS AVANÇADO BARRACÃO;27/01/2014 16:07:42;PR;Barracão
2;;IFPR;Instituto Federal do Paraná - Campus Avançado Coronel Vivida;27/01/2014 16:14:20;PR;Coronel Vivida
2;;IFPR;INSTITUTO FEDERAL DO PARANÁ campus avançado goioerê;27/11/2014 09:39:34;PR;Goioerê
2;;IFPR;INSTITUTO FEDERAL DO PARANÁ CAMPUS AVANÇADO GOIOERÊ;17/04/2015 10:27:42;PR;Goioerê
2;;null;INSTITUTO FEDERAL DO PARANÁ CAMPUS AVANÇADO GOIOERÊ;27/01/2014 16:20:25;PR;Cascavel
2;;IFPR;INSTITUTO FEDERAL DO PARANÁ CAMPUS AVANÇADO GUAÍRA;30/01/2014 10:50:22;PR;Guaíra
2;;IFPR;INSTITUTO FEDERAL DO PARANÁ CAMPUS AVANÇADO LAPA;27/01/2014 16:52:20;PR;Lapa
2;;IFPR;INSTITUTO FEDERAL DO PARANÁ CAMPUS AVANÇADO QUEDAS DO IGUAÇU;27/01/2014 17:14:27;PR;Quedas do Iguaçu
2;;IFPR;Instituto Federal do Paraná - Campus Campo Largo;09/06/2010 14:38:15;PR;Campo Largo
2;;IFPR;INSTITUTO FEDERAL DO PARANÁ CAMPUS CAPANEMA;27/03/2013 15:09:12;PR;Capanema
2;;null;INSTITUTO FEDERAL DO PARANÁ CAMPUS CAPANEMA;27/01/2014 17:11:42;PR;Capanema
2;;IFPR;Instituto Federal do Paraná - Campus Cascavel;03/06/2010 20:38:08;PR;Cascavel
2;;null;INSTITUTO FEDERAL DO PARANÁ CAMPUS CASCAVEL;27/01/2014 16:29:24;PR;Cascavel
2;;IFPR;INSTITUTO FEDERAL DO PARANÁ CAMPUS COLOMBO;20/06/2013 14:01:50;PR;Colombo
2;;null;INSTITUTO FEDERAL DO PARANÁ CAMPUS COLOMBO;27/01/2014 16:32:19;PR;Colombo
2;;IFPR;Instituto Federal do Paraná - Campus Curitiba;05/03/2009 14:53:25;PR;Curitiba
2;;IFPR;Instituto Federal do Paraná - Campus Foz do Iguaçu;23/04/2009 15:58:35;PR;Foz do Iguaçu
2;;IFPR;Instituto Federal do Paraná - Campus Irati;01/06/2010 17:05:49;PR;Irati
2;;IFPR;Instituto Federal do Paraná - Campus Ivaiporã;01/06/2010 16:54:58;PR;Ivaiporã
2;;IFPR;Instituto Federal do Paraná - Campus Jacarezinho;01/06/2010 16:40:35;PR;Jacarezinho
2;;IFPR;INSTITUTO FEDERAL DO PARANÁ CAMPUS JAGUARIAÍVA;27/03/2013 14:40:49;PR;Jaguariaíva
2;;null;INSTITUTO FEDERAL DO PARANÁ CAMPUS JAGUARIAÍVA;27/01/2014 17:08:58;PR;Jaguariaíva
2;;IFPR;Instituto Federal do Paraná - Campus Londrina;01/06/2010 16:59:38;PR;Londrina
2;;IFPR;Instituto Federal do Paraná - Campus Palmas;01/06/2010 17:21:03;PR;Palmas
2;;IFPR;Instituto Federal do Paraná - Campus Paranaguá;23/04/2009 15:52:46;PR;Paranaguá
2;;IFPR;Instituto Federal do Paraná - Campus Paranavaí;09/06/2010 14:30:53;PR;Paranavaí
2;;null;INSTITUTO FEDERAL DO PARANÁ CAMPUS PINHAIS;27/01/2014 17:00:19;PR;Curitiba
2;;IFPR;INSTITUTO FEDERAL DO PARANÁ CAMPUS PINHAIS;27/03/2013 14:58:02;PR;Pinhais
2;;null;INSTITUTO FEDERAL DO PARANÁ CAMPUS PITANGA;27/01/2014 17:03:03;PR;Pitanga
2;;IFPR;INSTITUTO FEDERAL DO PARANÁ CAMPUS PITANGA;27/03/2013 14:53:15;PR;Pitanga
2;;IFPR;Instituto Federal do Paraná - Campus Telêmaco Borba;01/06/2010 16:50:12;PR;Telêmaco Borba
2;;IFPR;Instituto Federal do Paraná - Campus Umuarama;01/06/2010 16:27:15;PR;Umuarama
2;;IFPR;INSTITUTO FEDERAL DO PARANÁ CAMPUS UNIÃO DA VITÓRIA;27/03/2013 15:04:38;PR;União da Vitória
2;;null;INSTITUTO FEDERAL DO PARANÁ CAMPUS UNIÃO DA VITÓRIA;27/01/2014 17:05:37;PR;União da Vitória
2;;IFPI;Instituto Federal do Piauí - Campus Angical do Piauí;09/12/2009 17:28:40;PI;Angical do Piauí
2;;IFPI;INSTITUTO FEDERAL DO PIAUÍ CAMPUS AVANÇADO DIRCEU ARCOVERDE;29/01/2014 17:19:43;PI;Teresina
2;;IFPI;INSTITUTO FEDERAL DO PIAUÍ CAMPUS AVANÇADO JOSÉ FREITAS;29/01/2014 17:35:09;PI;José de Freitas
2;;IFPI;INSTITUTO FEDERAL DO PIAUÍ CAMPUS AVANÇADO PIO IX;29/01/2014 17:44:20;PI;Pio IX
2;;IFPI;Instituto Federal do Piauí - Campus Campo Maior;29/01/2014 17:02:06;PI;Campo Maior
2;;IFPI;Instituto Federal do Piauí - Campus Cocal;29/01/2014 17:26:45;PI;Cocal
2;;IFPI;Instituto Federal do Piauí - Campus Corrente;09/12/2009 17:51:37;PI;Corrente
2;;null;INSTITUTO FEDERAL DO PIAUI - CAMPUS FLORIANO;19/05/2009 10:57:12;PI;Floriano
2;;IFPI;Instituto Federal do Piauí - Campus Floriano;05/03/2009 14:44:56;PI;Floriano
2;;IFPI;Instituto Federal do Piauí - Campus Oeiras;20/09/2012 16:58:24;PI;Oeiras
2;;null;INSTITUTO FEDERAL DO PIAUI - CAMPUS PARNAÍBA;18/05/2009 14:21:57;PI;Parnaíba
2;;IFPI;Instituto Federal do Piauí - Campus Parnaíba;05/03/2009 14:50:06;PI;Parnaíba
2;;IFPI;Instituto Federal do Piauí - Campus Paulistana;11/12/2009 11:30:59;PI;Paulistana
2;;IFPI;Instituto Federal do Piauí - Campus Pedro II;07/06/2011 16:59:46;PI;Pedro II
2;;null;INSTITUTO FEDERAL DO PIAUI - CAMPUS PICOS;19/05/2009 11:07:34;PI;Picos
2;;IFPI;Instituto Federal do Piauí - Campus Picos;05/03/2009 14:47:29;PI;Picos
2;;IFPI;Instituto Federal do Piauí - Campus Piripiri;09/12/2009 17:39:44;PI;Piripiri
2;;IFPI;Instituto Federal do Piauí - Campus São João do Piauí;07/06/2011 16:55:28;PI;São João do Piauí
2;;IFPI;Instituto Federal do Piauí - Campus São Raimundo Nonato;11/12/2009 11:25:53;PI;São Raimundo Nonato
2;;null;INSTITUTO FEDERAL DO PIAUI - CAMPUS TERESINA CENTRAL;19/05/2009 10:13:10;PI;Teresina
2;;IFPI;Instituto Federal do Piauí - Campus Teresina Central;05/03/2009 14:36:20;PI;Teresina
2;;null;INSTITUTO FEDERAL DO PIAUI - CAMPUS TERESINA ZONA SUL;19/05/2009 10:28:08;PI;Teresina
2;;IFPI;Instituto Federal do Piauí - Campus Teresina Zona Sul;30/06/2009 11:46:04;PI;Teresina
2;;IFPI;Instituto Federal do Piauí - Campus Uruçuí;11/12/2009 11:20:10;PI;Uruçuí
2;;IFPI;Instituto Federal do Piauí - Campus Valença do Piauí;29/01/2014 17:11:47;PI;Valença do Piauí
2;;null;INSTITUTO FEDERAL DO PIAUÍ - CENTRO DE REFERÊNCIA DE GUADALUPE;21/11/2014 18:41:17;PI;Guadalupe
2;;IFRJ;Instituto Federal do Rio de Janeiro - Campus Arraial do Cabo;08/06/2011 09:41:02;RJ;Arraial do Cabo
2;;IFRJ;INSTITUTO FEDERAL DO RIO DE JANEIRO CAMPUS AVANÇADO RESENDE;28/01/2014 12:01:12;RJ;Resende
2;;IFRJ;INSTITUTO FEDERAL DO RIO DE JANEIRO CAMPUS AVANÇADO RIO DE JANEIRO CENTRO;10/06/2014 17:29:17;RJ;Rio de Janeiro
2;;IFRJ;INSTITUTO FEDERAL DO RIO DE JANEIRO CAMPUS BELFORD ROXO;10/06/2014 18:13:15;RJ;Belford Roxo
2;;IFRJ;INSTITUTO FEDERAL DO RIO DE JANEIRO CAMPUS COMPLEXO DO ALEMÃO;10/06/2014 17:41:35;RJ;Rio de Janeiro
2;;IFRJ;INSTITUTO FEDERAL DO RIO DE JANEIRO CAMPUS CURICICA CIDADE DE DEUS;10/06/2014 17:46:39;RJ;Rio de Janeiro
2;;IFRJ;Instituto Federal do Rio de Janeiro - Campus Duque de Caxias;27/03/2009 12:01:08;RJ;Duque de Caxias
2;;IFRJ;Instituto Federal do Rio de Janeiro - Campus Engenheiro Paulo de Frontin;08/06/2011 09:59:21;RJ;Engenheiro Paulo de Frontin
2;;null;INSTITUTO FEDERAL DO RIO DE JANEIRO CAMPUS MESQUITA;02/07/2014 16:36:15;RJ;Mesquita
2;;IFRJ;INSTITUTO FEDERAL DO RIO DE JANEIRO CAMPUS MESQUITA;31/01/2014 15:42:41;RJ;Mesquita
2;;IFRJ;Instituto Federal do Rio de Janeiro - Campus Nilópolis;05/03/2009 16:29:28;RJ;Nilópolis
2;;IFRJ;INSTITUTO FEDERAL DO RIO DE JANEIRO CAMPUS NITERÓI;10/06/2014 18:36:11;RJ;Niterói
2;;IFRJ;Instituto Federal do Rio de Janeiro - Campus Paracambi;05/03/2009 16:56:15;RJ;Paracambi
2;;IFRJ;Instituto Federal do Rio de Janeiro - Campus Pinheiral;10/03/2009 09:26:12;RJ;Pinheiral
2;;IFRJ;INSTITUTO FEDERAL DO RIO DE JANEIRO CAMPUS REALENGO;10/03/2009 09:08:38;RJ;Rio de Janeiro
2;;IFRJ;Instituto Federal do Rio de Janeiro - Campus Rio de Janeiro;05/03/2009 16:48:57;RJ;Rio de Janeiro
2;;IFRJ;Instituto Federal do Rio de Janeiro - Campus São Gonçalo;10/03/2009 09:14:59;RJ;São Gonçalo
2;;IFRJ;INSTITUTO FEDERAL DO RIO DE JANEIRO CAMPUS SÃO JOÃO DE MERITI;10/06/2014 18:22:41;RJ;São João de Meriti
2;;IFRJ;Instituto Federal do Rio de Janeiro - Campus Volta Redonda;15/05/2009 15:40:34;RJ;Volta Redonda
2;;null;INSTITUTO FEDERAL DO RIO GRANDE DO NORTE;07/08/2013 12:22:02;RN;Natal
2;;IFRN;Instituto Federal do Rio Grande do Norte - Campus Apodi;10/09/2009 10:06:23;RN;Apodi
2;;IFRN;INSTITUTO FEDERAL DO RIO GRANDE DO NORTE CAMPUS AVANÇADO LAJES;06/06/2014 16:00:39;RN;Lajes
2;;null;INSTITUTO FEDERAL DO RIO GRANDE DO NORTE - CAMPUS AVANÇADO NATAL ZONA LESTE;04/07/2019 17:43:05;RN;Natal
2;;IFRN;INSTITUTO FEDERAL DO RIO GRANDE DO NORTE CAMPUS AVANÇADO PARELHAS;06/06/2014 16:08:22;RN;Parelhas
2;;IFRN;Instituto Federal do Rio Grande do Norte - Campus Caicó;10/09/2009 19:12:07;RN;Caicó
2;;IFRN;Instituto Federal do Rio Grande do Norte - Campus Canguaretama;14/11/2013 16:15:30;RN;Canguaretama
2;;IFRN;Instituto Federal do Rio Grande do Norte - Campus Ceará-Mirim;14/11/2013 17:18:26;RN;Ceará-Mirim
2;;IFRN;Instituto Federal do Rio Grande do Norte - Campus Currais Novos;06/03/2009 18:03:05;RN;Currais Novos
2;;IFRN;Instituto Federal do Rio Grande do Norte - Campus Ipanguaçu;06/03/2009 11:41:42;RN;Ipanguaçu
2;;IFRN;Instituto Federal do Rio Grande do Norte - Campus João Câmara;10/09/2009 19:22:14;RN;João Câmara
2;;IFRN;Instituto Federal do Rio Grande do Norte - Campus Macau;11/09/2009 12:26:01;RN;Macau
2;;IFRN;Instituto Federal do Rio Grande do Norte - Campus Mossoró;06/03/2009 18:21:38;RN;Mossoró
2;;IFRN;Instituto Federal do Rio Grande do Norte - Campus Natal Central;06/03/2009 11:09:19;RN;Natal
2;;IFRN;Instituto Federal do Rio Grande do Norte - Campus Natal Cidade Alta;08/06/2011 09:20:19;RN;Natal
2;;IFRN;Instituto Federal do Rio Grande do Norte - Campus Natal Zona Norte;06/03/2009 11:21:13;RN;Natal
2;;IFRN;Instituto Federal do Rio Grande do Norte - Campus Nova Cruz;07/06/2011 10:34:16;RN;Nova Cruz
2;;IFRN;Instituto Federal do Rio Grande do Norte - Campus Parnamirim;07/06/2011 10:28:00;RN;Parnamirim
2;;IFRN;Instituto Federal do Rio Grande do Norte - Campus Pau dos Ferros;11/09/2009 12:34:25;RN;Pau dos Ferros
2;;IFRN;Instituto Federal do Rio Grande do Norte - Campus Santa Cruz;11/09/2009 12:42:55;RN;Natal
2;;IFRN;Instituto Federal do Rio Grande do Norte - Campus São Gonçalo do Amarante;07/06/2011 12:26:16;RN;São Gonçalo do Amarante
2;;IFRN;Instituto Federal do Rio Grande do Norte - Campus São Paulo do Potengi;14/11/2013 17:14:34;RN;São Paulo do Potengi
2;;IFRS;INSTITUTO FEDERAL DO RIO GRANDE DO SUL CAMPUS ALVORADA;30/01/2014 10:55:21;RS;Alvorada
2;;IFRS;INSTITUTO FEDERAL DO RIO GRANDE DO SUL CAMPUS AVANÇADO GUAÍBA;10/07/2014 16:43:10;RS;Guaíba
2;;IFRS;INSTITUTO FEDERAL DO RIO GRANDE DO SUL CAMPUS AVANÇADO VERANÓPOLIS;07/07/2014 11:38:58;RS;Veranópolis
2;;IFRS;Instituto Federal do Rio Grande do Sul - Campus Bento Gonçalves;05/03/2009 16:24:54;RS;Bento Gonçalves
2;;IFRS;Instituto Federal do Rio Grande do Sul - Campus Canoas;05/03/2009 16:33:46;RS;Canoas
2;;IFRS;Instituto Federal do Rio Grande do Sul - Campus Caxias do Sul;09/06/2010 13:43:50;RS;Caxias do Sul
2;;IFRS;Instituto Federal do Rio Grande do Sul - Campus Erechim;26/04/2010 15:53:28;RS;Erechim
2;;IFRS;Instituto Federal do Rio Grande do Sul - Campus Farroupilha;09/06/2010 10:51:25;RS;Farroupilha
2;;IFRS;Instituto Federal do Rio Grande do Sul - Campus Feliz;09/06/2010 10:45:51;RS;Feliz
2;;IFRS;Instituto Federal do Rio Grande do Sul - Campus Ibirubá;09/06/2010 10:41:38;RS;Ibirubá
2;;IFRS;Instituto Federal do Rio Grande do Sul - Campus Osório;16/08/2010 11:21:06;RS;Osório
2;;IFRS;Instituto Federal do Rio Grande do Sul - Campus Porto Alegre;05/03/2009 16:36:59;RS;Porto Alegre
2;;IFRS;Instituto Federal do Rio Grande do Sul - Campus Porto Alegre Restinga;09/06/2010 13:54:34;RS;Porto Alegre
2;;IFRS;Instituto Federal do Rio Grande do Sul - Campus Rio Grande;05/03/2009 16:41:09;RS;Rio Grande
2;;null;INSTITUTO FEDERAL DO RIO GRANDE DO SUL CAMPUS ROLANTE;30/01/2014 11:02:59;RS;Rolante
2;;IFRS;INSTITUTO FEDERAL DO RIO GRANDE DO SUL CAMPUS ROLANTE;09/06/2011 10:05:45;RS;Rolante
2;;IFRS;Instituto Federal do Rio Grande do Sul - Campus Sertão;05/03/2009 16:48:53;RS;Sertão
2;;IFRS;Instituto Federal do Rio Grande do Sul - Campus Vacaria;30/01/2014 11:24:18;RS;Vacaria
2;;IFRS;INSTITUTO FEDERAL DO RIO GRANDE DO SUL CAMPUS VIAMÃO;30/01/2014 11:12:23;RS;Viamão
2;;IF SERTÃO-PE;Instituto Federal do Sertão Pernambucano - Campus Floresta;05/03/2009 09:33:38;PE;Floresta
2;;IF SERTÃO-PE;Instituto Federal do Sertão Pernambucano - Campus Ouricuri;01/10/2010 17:09:24;PE;Ouricuri
2;;IF SERTÃO-PE;Instituto Federal do Sertão Pernambucano - Campus Petrolina;05/03/2009 09:28:15;PE;Petrolina
2;;IF SERTÃO-PE;Instituto Federal do Sertão Pernambucano - Campus Petrolina Zona Rural;05/03/2009 09:31:04;PE;Petrolina
2;;IF SERTÃO-PE;Instituto Federal do Sertão Pernambucano - Campus Salgueiro;01/10/2010 17:13:54;PE;Salgueiro
2;;IF SERTÃO-PE;Instituto Federal do Sertão Pernambucano - Campus Santa Maria da Boa Vista;31/01/2014 15:22:57;PE;Santa Maria da Boa Vista
2;;IF SERTÃO-PE;Instituto Federal do Sertão Pernambucano - Campus Serra Talhada;31/01/2014 15:02:26;PE;Serra Talhada
2;;IF SERTÃO-PE;Instituto Federal do Sertão Pernambucano - Centro de Referência Afrânio;07/02/2014 11:00:12;PE;Afrânio
2;;IF SERTÃO-PE;Instituto Federal do Sertão Pernambucano - Centro de Referência Petrolândia;07/02/2014 11:17:37;PE;Petrolândia
2;;IF SERTÃO-PE;Instituto Federal do Sertão Pernambucano - Centro de Referência Sertânia;07/02/2014 11:30:47;PE;Sertânia
2;;null;INSTITUTO FEDERAL DO SUDESTE de MINAS GERAIS;08/05/2009 08:49:35;MG;Barbacena
2;;IF SUDESTE MG;INSTITUTO FEDERAL DO SUDESTE DE MINAS GERAIS CAMPUS AVANÇADO BOM SUCESSO;10/02/2014 10:59:21;MG;Bom Sucesso
2;;IF SUDESTE MG;INSTITUTO FEDERAL DO SUDESTE DE MINAS GERAIS Campus avançado UBÁ;12/06/2014 12:17:01;MG;Ubá
2;;IF SUDESTE MG;Instituto Federal do Sudeste de Minas Gerais - Campus Barbacena;06/03/2009 10:47:34;MG;Barbacena
2;;IF SUDESTE MG;Instituto Federal do Sudeste de Minas Gerais - Campus Juiz de Fora;06/03/2009 10:53:06;MG;Juiz de Fora
2;;IF SUDESTE MG;INSTITUTO FEDERAL DO SUDESTE DE MINAS GERAIS CAMPUS MANHUAÇU;06/06/2014 15:28:03;MG;Manhuaçu
2;;IF SUDESTE MG;Instituto Federal do Sudeste de Minas Gerais - Campus Muriaé;02/03/2010 09:21:40;MG;Muriaé
2;;IF SUDESTE MG;Instituto Federal do Sudeste de Minas Gerais - Campus Rio Pomba;09/03/2009 16:34:06;MG;Rio Pomba
2;;IF SUDESTE MG;Instituto Federal do Sudeste de Minas Gerais - Campus Santos Dumont;07/06/2011 10:53:56;MG;Santos Dumont
2;;IF SUDESTE MG;Instituto Federal do Sudeste de Minas Gerais - Campus São João del Rei;02/03/2010 09:33:14;MG;São João del Rei
2;;IF SUDESTE MG;INSTITUTO FEDERAL DO SUDESTE DE MINAS GERAIS CENTRO DE REFERÊNCIA CATAGUASES;12/06/2014 12:07:34;MG;Cataguases
2;;IFSULDEMINAS;Instituto Federal do Sul de Minas Gerais - Campus Avançado Carmo de Minas;31/01/2014 09:42:40;MG;Carmo de Minas
2;;IFSULDEMINAS;Instituto Federal do Sul de Minas Gerais - Campus Avançado Três Corações;31/01/2014 09:49:47;MG;Três Corações
2;;IFSULDEMINAS;Instituto Federal do Sul de Minas Gerais - Campus Inconfidentes;09/03/2009 17:03:13;MG;Inconfidentes
2;;IFSULDEMINAS;Instituto Federal do Sul de Minas Gerais - Campus Machado;09/03/2009 17:10:18;MG;Machado
2;;IFSULDEMINAS;Instituto Federal do Sul de Minas Gerais - Campus Muzambinho;09/03/2009 17:14:10;MG;Muzambinho
2;;IFSULDEMINAS;Instituto Federal do Sul de Minas Gerais - Campus Passos;11/08/2010 07:07:16;MG;Passos
2;;IFSULDEMINAS;Instituto Federal do Sul de Minas Gerais - Campus Poços de Caldas;11/08/2010 06:07:45;MG;Poços de Caldas
2;;IFSULDEMINAS;Instituto Federal do Sul de Minas Gerais - Campus Pouso Alegre;11/08/2010 06:48:43;MG;Pouso Alegre
2;;IFSULDEMINAS;INSTITUTO FEDERAL DO SUL DE MINAS GERAIS CENTRO DE REFERÊNCIA ALFENAS;13/11/2014 17:33:14;MG;Alfenas
2;;IFSULDEMINAS;INSTITUTO FEDERAL DO SUL DE MINAS GERAIS CENTRO DE REFERÊNCIA ALTEROSA;13/11/2014 17:41:21;MG;Alterosa
2;;IFSULDEMINAS;INSTITUTO FEDERAL DO SUL DE MINAS GERAIS CENTRO DE REFERÊNCIA ANDRADAS;13/11/2014 17:02:04;MG;Andradas
2;;IFSULDEMINAS;INSTITUTO FEDERAL DO SUL DE MINAS GERAIS CENTRO DE REFERÊNCIA ANDRELÂNDIA;13/11/2014 15:45:53;MG;Andrelândia
2;;IFSULDEMINAS;INSTITUTO FEDERAL DO SUL DE MINAS GERAIS CENTRO DE REFERÊNCIA BOA ESPERANÇA;13/11/2014 17:37:07;MG;Boa Esperança
2;;null;INSTITUTO FEDERAL DO SUL DE MINAS GERAIS CENTRO DE REFERÊNCIA BOM REPOUSO;27/04/2016 14:55:41;MG;Bom Repouso
2;;IFSULDEMINAS;INSTITUTO FEDERAL DO SUL DE MINAS GERAIS CENTRO DE REFERÊNCIA BOTELHOS;13/11/2014 17:23:20;MG;Botelhos
2;;null;INSTITUTO FEDERAL DO SUL DE MINAS GERAIS CENTRO DE REFERÊNCIA BRAsÓPOLIS;27/04/2016 15:03:06;MG;Brasópolis
2;;null;INSTITUTO FEDERAL DO SUL DE MINAS GERAIS CENTRO DE REFERÊNCIA CACHOEIRA DE MINAS;27/04/2016 15:08:15;MG;Cachoeira de Minas
2;;IFSULDEMINAS;INSTITUTO FEDERAL DO SUL DE MINAS GERAIS CENTRO DE REFERÊNCIA CAMBUÍ;13/11/2014 17:16:26;MG;Cambuí
2;;IFSULDEMINAS;INSTITUTO FEDERAL DO SUL DE MINAS GERAIS CENTRO DE REFERÊNCIA CAMBUQUIRA;13/11/2014 14:53:04;MG;Cambuquira
2;;null;INSTITUTO FEDERAL DO SUL DE MINAS GERAIS CENTRO DE REFERÊNCIA CAMPANHA;27/04/2016 15:12:20;MG;Campanha
2;;IFSULDEMINAS;INSTITUTO FEDERAL DO SUL DE MINAS GERAIS CENTRO DE REFERÊNCIA CAMPESTRE;13/11/2014 17:25:50;MG;Campestre
2;;IFSULDEMINAS;INSTITUTO FEDERAL DO SUL DE MINAS GERAIS CENTRO DE REFERÊNCIA CAPETINGA;13/11/2014 17:44:21;MG;Capetinga
2;;null;INSTITUTO FEDERAL DO SUL DE MINAS GERAIS CENTRO DE REFERÊNCIA CONCEIÇÃO DOS OUROS;27/04/2016 15:18:00;MG;Conceição dos Ouros
2;;null;INSTITUTO FEDERAL DO SUL DE MINAS GERAIS CENTRO DE REFERÊNCIA CONGONHAL;27/04/2016 15:22:51;MG;Congonhal
2;;IFSULDEMINAS;INSTITUTO FEDERAL DO SUL DE MINAS GERAIS CENTRO DE REFERÊNCIA CRUZÍLIA;13/11/2014 15:48:57;MG;Cruzília
2;;null;INSTITUTO FEDERAL DO SUL DE MINAS GERAIS CENTRO DE REFERÊNCIA ESPÍRITO SANTO DO DOURADO;27/04/2016 15:30:20;MG;Espírito Santo do Dourado
2;;null;INSTITUTO FEDERAL DO SUL DE MINAS GERAIS CENTRO DE REFERÊNCIA ESTIVA;27/04/2016 15:35:15;MG;Estiva
2;;null;INSTITUTO FEDERAL DO SUL DE MINAS GERAIS CENTRO DE REFERÊNCIA EXTREMA;27/04/2016 15:38:43;MG;Extrema
2;;IFSULDEMINAS;INSTITUTO FEDERAL DO SUL DE MINAS GERAIS CENTRO DE REFERÊNCIA GUARANÉSIA;13/11/2014 17:47:48;MG;Guaranésia
2;;null;INSTITUTO FEDERAL DO SUL DE MINAS GERAIS CENTRO DE REFERÊNCIA GUAXUPÉ;17/08/2016 11:44:28;MG;Guaxupé
2;;null;INSTITUTO FEDERAL DO SUL DE MINAS GERAIS CENTRO DE REFERÊNCIA IPUIUNA;27/04/2016 15:45:13;MG;Ipuiúna
2;;null;INSTITUTO FEDERAL DO SUL DE MINAS GERAIS CENTRO DE REFERÊNCIA ITAJUBÁ;27/04/2016 15:49:38;MG;Itajubá
2;;IFSULDEMINAS;INSTITUTO FEDERAL DO SUL DE MINAS GERAIS CENTRO DE REFERÊNCIA ITANHANDU;13/11/2014 15:21:53;MG;Itanhandu
2;;IFSULDEMINAS;INSTITUTO FEDERAL DO SUL DE MINAS GERAIS CENTRO DE REFERÊNCIA JACUTINGA;13/11/2014 17:20:04;MG;Jacutinga
2;;null;INSTITUTO FEDERAL DO SUL DE MINAS GERAIS - CENTRO DE REFERÊNCIA JESUÂNIA;27/04/2016 16:27:25;MG;Jesuânia
2;;IFSULDEMINAS;INSTITUTO FEDERAL DO SUL DE MINAS GERAIS CENTRO DE REFERÊNCIA LAMBARI;13/11/2014 16:43:02;MG;Lambari
2;;null;INSTITUTO FEDERAL DO SUL DE MINAS GERAIS CENTRO DE REFERÊNCIA LAVRAS;27/04/2016 16:07:59;MG;Lavras
2;;IFSULDEMINAS;INSTITUTO FEDERAL DO SUL DE MINAS GERAIS CENTRO DE REFERÊNCIA MONTE SANTO DE MINAS;13/11/2014 17:52:47;MG;Monte Santo de Minas
2;;IFSULDEMINAS;INSTITUTO FEDERAL DO SUL DE MINAS GERAIS CENTRO DE REFERÊNCIA OURO FINO;13/11/2014 17:13:29;MG;Ouro Fino
2;;null;INSTITUTO FEDERAL DO SUL DE MINAS GERAIS CENTRO DE REFERÊNCIA POÇO FUNDO;27/04/2016 15:55:46;MG;Poço Fundo
2;;null;INSTITUTO FEDERAL DO SUL DE MINAS GERAIS CENTRO DE REFERÊNCIA SÃO GONÇALO DO SAPUCAÍ;27/04/2016 15:58:59;MG;São Gonçalo do Sapucaí
2;;null;INSTITUTO FEDERAL DO SUL DE MINAS GERAIS CENTRO DE REFERÊNCIA SÃO JOSÉ DA BARRA;17/08/2016 11:39:33;MG;São José da Barra
2;;IFSULDEMINAS;INSTITUTO FEDERAL DO SUL DE MINAS GERAIS CENTRO DE REFERÊNCIA SÃO SEBASTIÃO DO PARAÍSO;13/11/2014 16:57:33;MG;São Sebastião do Paraíso
2;;IFSULDEMINAS;INSTITUTO FEDERAL DO SUL DE MINAS GERAIS CENTRO DE REFERÊNCIA TRÊS PONTAS;13/11/2014 17:50:06;MG;Três Pontas
2;;IFSULDEMINAS;INSTITUTO FEDERAL DO SUL DE MINAS GERAIS CENTRO DE REFERÊNCIA VARGINHA;13/11/2014 17:30:36;MG;Varginha
2;;IFTO;Instituto Federal do Tocantins - Campus Araguaína;14/06/2010 16:53:24;TO;Araguaína
2;;IFTO;Instituto Federal do Tocantins - Campus Araguatins;06/03/2009 14:39:20;TO;Araguatins
2;;IFTO;Instituto Federal do Tocantins - Campus Avançado Formoso do Araguaia;26/04/2014 13:48:01;TO;Formoso do Araguaia
2;;IFTO;Instituto Federal do Tocantins - Campus Avançado Lagoa da Confusão;31/01/2014 11:20:00;TO;Lagoa da Confusão
2;;IFTO;Instituto Federal do Tocantins - Campus Avançado Pedro Afonso;31/01/2014 11:29:03;TO;Pedro Afonso
2;;IFTO;Instituto Federal do Tocantins - Campus Colinas do Tocantins;31/01/2014 11:35:32;TO;Colinas do Tocantins
2;;IFTO;Instituto Federal do Tocantins - Campus Dianópolis;07/05/2012 10:01:47;TO;Dianópolis
2;;IFTO;Instituto Federal do Tocantins - Campus Gurupi;16/06/2010 09:39:52;TO;Gurupi
2;;IFTO;Instituto Federal do Tocantins - Campus Palmas;06/03/2009 14:33:38;TO;Palmas
2;;IFTO;Instituto Federal do Tocantins - Campus Paraíso do Tocantins;06/03/2009 14:36:47;TO;Paraíso do Tocantins
2;;IFTO;Instituto Federal do Tocantins - Campus Porto Nacional;16/06/2010 09:03:04;TO;Porto Nacional
2;;null;INSTITUTO FEDERAL DO TRIÂNGULO MINEIRO;23/03/2009 09:04:51;MG;Uberaba
2;;IFTM;INSTITUTO FEDERAL DO TRIÂNGULO MINEIRO CAMPUS AVANÇADO CAMPINA VERDE;30/01/2014 10:50:52;MG;Campina Verde
2;;IFTM;Instituto Federal do Triângulo Mineiro - Campus Avançado Uberaba Parque Tecnológico;30/09/2014 14:10:47;MG;Uberaba
2;;IFTM;Instituto Federal do Triângulo Mineiro - Campus Ituiutaba;04/05/2009 14:23:08;MG;Ituiutaba
2;;IFTM;Instituto Federal do Triângulo Mineiro - Campus Paracatu;04/05/2009 14:18:39;MG;Paracatu
2;;IFTM;Instituto Federal do Triângulo Mineiro - Campus Patos de Minas;22/08/2013 14:31:22;MG;Patos de Minas
2;;IFTM;Instituto Federal do Triângulo Mineiro - Campus Patrocínio;13/07/2010 15:34:02;MG;Patrocínio
2;;IFTM;Instituto Federal do Triângulo Mineiro - Campus Uberaba;06/03/2009 11:16:19;MG;Uberaba
2;;IFTM;Instituto Federal do Triângulo Mineiro - Campus Uberlândia;06/03/2009 11:30:02;MG;Uberlândia
2;;IFTM;Instituto Federal do Triângulo Mineiro - Campus Uberlândia Centro;13/07/2010 15:20:46;MG;Uberlândia
2;;null;INSTITUTO FEDERAL DO TRIÂNGULO MINEIRO - CENTRO DE REFERÊNCIA EM EDUCAÇÃO PROFISSIONAL E TECNOLÓGICA - REITORIA;09/04/2018 08:05:04;MG;Uberaba
2;;IF FARROUPILHA;Instituto Federal Farroupilha - Campus Alegrete;05/03/2009 16:01:38;RS;Alegrete
2;;IF FARROUPILHA;INSTITUTO FEDERAL FARROUPILHA CAMPUS AVANÇADO URUGUAIANA;31/01/2014 15:44:54;RS;Uruguaiana
2;;IF FARROUPILHA;Instituto Federal Farroupilha - Campus Frederico Westphalen;10/08/2009 17:15:17;RS;Frederico Westphalen
2;;IF FARROUPILHA;Instituto Federal Farroupilha - Campus Jaguari;06/12/2012 16:16:58;RS;Jaguari
2;;IF FARROUPILHA;Instituto Federal Farroupilha - Campus Júlio de Castilhos;05/03/2009 16:05:03;RS;Júlio de Castilhos
2;;IF FARROUPILHA;Instituto Federal Farroupilha - Campus Panambi;19/08/2010 14:20:27;RS;Panambi
2;;IF FARROUPILHA;Instituto Federal Farroupilha - Campus Santa Rosa;09/03/2010 08:55:14;RS;Santa Rosa
2;;IF FARROUPILHA;Instituto Federal Farroupilha - Campus Santo Ângelo;31/01/2014 16:00:47;RS;Santo Ângelo
2;;IF FARROUPILHA;Instituto Federal Farroupilha - Campus Santo Augusto;05/03/2009 16:13:58;RS;Santo Augusto
2;;IF FARROUPILHA;Instituto Federal Farroupilha - Campus São Borja;09/03/2010 09:29:49;RS;São Borja
2;;IF FARROUPILHA;Instituto Federal Farroupilha - Campus São Vicente do Sul;05/03/2009 16:17:17;RS;São Vicente do Sul
2;;IF FARROUPILHA;INSTITUTO FEDERAL FARROUPILHA CENTRO DE REFERÊNCIA CANDELÁRIA;06/02/2015 12:19:35;RS;Candelária
2;;IF FARROUPILHA;INSTITUTO FEDERAL FARROUPILHA CENTRO DE REFERÊNCIA CARAZINHO;11/06/2014 15:15:09;RS;Carazinho
2;;IF FARROUPILHA;INSTITUTO FEDERAL FARROUPILHA CENTRO DE REFERÊNCIA DE NÃOMETOQUE;11/06/2014 15:21:24;RS;Não-Me-Toque
2;;IF FARROUPILHA;INSTITUTO FEDERAL FARROUPILHA CENTRO DE REFERÊNCIA QUARAÍ;11/06/2014 15:24:00;RS;Quaraí
2;;IF FARROUPILHA;INSTITUTO FEDERAL FARROUPILHA CENTRO DE REFERÊNCIA ROSÁRIO DO SUL;06/02/2015 12:13:49;RS;Rosário do Sul
2;;IF FARROUPILHA;INSTITUTO FEDERAL FARROUPILHA CENTRO DE REFERÊNCIA SANTA CRUZ DO SUL;11/06/2014 15:43:56;RS;Santa Cruz do Sul
2;;IF FARROUPILHA;INSTITUTO FEDERAL FARROUPILHA CENTRO DE REFERÊNCIA SANTIAGO;11/06/2014 15:26:01;RS;Santiago
2;;IF FARROUPILHA;INSTITUTO FEDERAL FARROUPILHA CENTRO DE REFERÊNCIA SÃO GABRIEL;11/06/2014 15:30:11;RS;São Gabriel
2;;IF FARROUPILHA;INSTITUTO FEDERAL FARROUPILHA CENTRO DE REFERÊNCIA TRÊS PASSOS;06/02/2015 12:25:07;RS;Três Passos
2;;null;INSTITUTO FEDERAL FARROUPILHA - REITORIA;03/07/2015 14:03:15;RS;Santa Maria
2;;IFF;Instituto Federal Fluminense - Campus Avançado Cambuci;31/01/2014 18:38:15;RJ;Cambuci
2;;IFF;Instituto Federal Fluminense - Campus Avançado Maricá;06/06/2014 16:22:28;RJ;Maricá
2;;IFF;Instituto Federal Fluminense - Campus Avançado São João da Barra;31/01/2014 18:51:13;RJ;São João da Barra
2;;IFF;Instituto Federal Fluminense - Campus Bom Jesus do Itabapoana;10/03/2009 09:41:33;RJ;Bom Jesus do Itabapoana
2;;IFF;Instituto Federal Fluminense - Campus Cabo Frio;17/04/2009 16:01:02;RJ;Cabo Frio
2;;null;INSTITUTO FEDERAL FLUMINENSE - CAMPUS CABO FRIO;07/06/2011 11:03:20;RJ;Cabo Frio
2;;IFF;Instituto Federal Fluminense - Campus Campos Centro;10/03/2009 09:44:09;RJ;Campos dos Goytacazes
2;;IFF;Instituto Federal Fluminense - Campus Campos Guarus;10/03/2009 09:47:09;RJ;Campos dos Goytacazes
2;;IFF;INSTITUTO FEDERAL FLUMINENSE CAMPUS ITABORAÍ;31/01/2014 18:56:09;RJ;Itaboraí
2;;IFF;Instituto Federal Fluminense - Campus Itaperuna;17/04/2009 15:58:27;RJ;Itaperuna
2;;IFF;Instituto Federal Fluminense - Campus Macaé;10/03/2009 09:53:49;RJ;Macaé
2;;IFF;Instituto Federal Fluminense - Campus Quissamã;14/07/2010 19:39:52;RJ;Quissamã
2;;IFF;Instituto Federal Fluminense - Campus Santo Antônio de Pádua;31/01/2014 19:01:16;RJ;Santo Antônio de Pádua
2;;IFF;INSTITUTO FEDERAL FLUMINENSE CENTRO DE REFERÊNCIA DE CARDOSO MOREIRA;13/06/2014 17:26:17;RJ;Cardoso Moreira
2;;IFF;INSTITUTO FEDERAL FLUMINENSE CENTRO DE REFERÊNCIA DE CORDEIRO;13/06/2014 18:08:51;RJ;Cordeiro
2;;IFF;instituto federal fluminense CENTRO DE REFERÊNCIA EM TECNOLOGIA, INFORMAÇÃO E COMUNICAÇÃO NA EDUCAÇÃO;22/06/2016 18:08:30;RJ;Campos dos Goytacazes
2;;IFF;INSTITUTO FEDERAL FLUMINENSE CENTRO DE REFERÊNCIA RIO BONITO;13/06/2014 17:30:07;RJ;Rio Bonito
2;;null;INSTITUTO FEDERAL FLUMINENSE NÚCLEO AVANÇADO DE SÃO JOÃO DA BARRA;27/09/2010 20:17:15;RJ;São João da Barra
2;;IF GOIANO;INSTITUTO FEDERAL GOIANO CAMPUS AVANÇADO CATALÃO;16/02/2014 16:20:29;GO;Catalão
2;;IF GOIANO;INSTITUTO FEDERAL GOIANO CAMPUS AVANÇADO HIDROLÂNDIA;16/02/2014 16:45:41;GO;Hidrolândia
2;;IF GOIANO;INSTITUTO FEDERAL GOIANO CAMPUS AVANÇADO IPAMERI;06/06/2014 15:32:03;GO;Ipameri
2;;IF GOIANO;INSTITUTO FEDERAL GOIANO CAMPUS CAMPOS BELOS;16/02/2014 17:03:36;GO;Campos Belos
2;;IF GOIANO;Instituto Federal Goiano - Campus Ceres;06/03/2009 10:32:10;GO;Ceres
2;;IF GOIANO;INSTITUTO FEDERAL GOIANO CAMPUS CRISTALINA;16/02/2014 16:38:01;GO;Cristalina
2;;IF GOIANO;Instituto Federal Goiano - Campus Iporá;23/08/2010 14:10:42;GO;Iporá
2;;IF GOIANO;Instituto Federal Goiano - Campus Morrinhos;06/03/2009 10:41:27;GO;Morrinhos
2;;IF GOIANO;INSTITUTO FEDERAL GOIANO CAMPUS POSSE;16/02/2014 17:12:52;GO;Posse
2;;IF GOIANO;Instituto Federal Goiano - Campus Rio Verde;06/03/2009 10:35:02;GO;Rio Verde
2;;IF GOIANO;INSTITUTO FEDERAL GOIANO CAMPUS TRINDADE;16/02/2014 17:24:58;GO;Trindade
2;;IF GOIANO;Instituto Federal Goiano - Campus Urutaí;06/03/2009 10:44:20;GO;Urutaí
2;;null;INSTITUTO FEDERAL SERTÃO PERNAMBUCANO CAMPUS OURICURIC;28/09/2010 11:55:41;PE;Salgueiro
2;;null;INSTITUTO FEDERAL SERTÃO PERNAMBUCANO CAMPUS SALGUEIROS;28/09/2010 12:03:45;PE;Salgueiro
2;;IFSUL;Instituto Federal Sul-rio-grandense - Campus Avançado Jaguarão;29/01/2014 11:28:52;RS;Jaguarão
2;;IFSUL;INSTITUTO FEDERAL SUL RIOGRANDENSE CAMPUS AVANÇADO NOVO HAMBURGO;29/01/2014 11:48:21;RS;Novo Hamburgo
2;;IFSUL;Instituto Federal Sul-rio-grandense - Campus Bagé;16/06/2010 14:38:29;RS;Bagé
2;;IFSUL;Instituto Federal Sul-rio-grandense - Campus Camaquã;16/06/2010 14:47:16;RS;Camaquã
2;;IFSUL;Instituto Federal Sul-rio-grandense - Campus Charqueadas;05/03/2009 15:49:20;RS;Charqueadas
2;;IFSUL;INSTITUTO FEDERAL SULRIOGRANDENSE CAMPUS GRAVATAÍ;06/06/2014 12:15:52;RS;Gravataí
2;;IFSUL;Instituto Federal Sul-rio-grandense - Campus Lajeado;06/06/2014 15:03:36;RS;Lajeado
2;;IFSUL;Instituto Federal Sul-rio-grandense - Campus Passo Fundo;05/03/2009 15:52:37;RS;Passo Fundo
2;;IFSUL;Instituto Federal Sul-rio-grandense - Campus Pelotas;05/03/2009 15:32:12;RS;Pelotas
2;;IFSUL;Instituto Federal Sul-rio-grandense - Campus Pelotas Visconde da Graça;03/06/2009 21:48:03;RS;Pelotas
2;;IFSUL;Instituto Federal Sul-rio-grandense - Campus Santana do Livramento;08/06/2011 08:28:46;RS;Santana do Livramento
2;;IFSUL;Instituto Federal Sul-rio-grandense - Campus Sapiranga;14/01/2014 12:08:00;RS;Sapiranga
2;;IFSUL;Instituto Federal Sul-rio-grandense - Campus Sapucaia do Sul;05/03/2009 15:35:28;RS;Sapucaia do Sul
2;;IFSUL;Instituto Federal Sul-rio-grandense - Campus Venâncio Aires;08/06/2011 08:50:49;RS;Venâncio Aires
2;;IFSUL;INSTITUTO FEDERAL SULRIOGRANDENSE CENTRO DE REFERÊNCIA CANDIOTA;13/06/2014 11:23:13;RS;Candiota
2;;null;INSTITUTO MATHEUS;22/02/2013 15:00:25;DF;Brasília
2;;null;INSTITUTO OSWALDO CRUZ;30/09/2010 09:40:37;RJ;Rio de Janeiro
2;;null;INSTITUTO PRIsCIlLA CASTILHO;16/07/2009 15:38:24;DF;Brasília
2;;null;INSTITUTO TAULUS;19/03/2013 15:02:26;DF;Brasília
2;;null;Ministério da Eduação;15/05/2012 14:59:11;DF;Brasília
2;;null;PREFEITURA MUNICIPAL DE GUAISARA;06/11/2013 10:24:54;SP;Guaiçara
2;;null;PREFEITURA MÚNICIPAL DE IPAMERI;20/06/2012 14:00:56;GO;Ipameri
2;;null;SEDE;30/09/2010 14:37:40;CE;Acaraú
2;;null;SOCIEDADE GUARULHENCE DE ENSINO EIRLI - EPP;03/10/2013 21:41:37;SP;Guarulhos
2;;UFMG;UFMG - TEATRO UNIVERSITÁRIO;24/02/2017 19:51:35;MG;Belo Horizonte
2;;UFPB;Universidade Federal da Paraíba - Colégio Agrícola Vidal de Negreiros da UFPB;19/05/2009 15:55:09;PB;Bananeiras
2;;UFPB;Universidade Federal da Paraíba - Escola Técnica de Saúde da UFPB;07/11/2008 12:51:44;PB;João Pessoa
2;;UFAL;Universidade Federal de Alagoas - Escola Técnica de Artes;17/06/2009 10:51:24;AL;Maceió
2;;UFCG;Universidade Federal de Campina Grande - Escola Técnica de Saúde de Cajazeiras da UFCG;11/11/2008 17:36:29;PB;Cajazeiras
2;;UFMG;Universidade Federal de Minas Gerais - Colegio Técnico da UFMG;03/09/2009 14:49:41;MG;Belo Horizonte
2;;null;UNIVERSIDADE FEDERAL DE SANTA MARIA;07/08/2009 13:27:06;RS;Santa Maria
2;;UFSM;Universidade Federal de Santa Maria - Colégio Politécnico da Universidade Federal Santa Maria;10/08/2009 15:45:09;RS;Santa Maria
2;;UFSM;Universidade Federal de Santa Maria - Colégio Técnico Industrial da Universidade Federal de Santa Maria;10/08/2009 15:51:22;RS;Santa Maria
2;;UFU;Universidade Federal de Uberlândia - Escola Técnica de Saúde da UFU;03/09/2009 14:40:34;MG;Uberlândia
2;;UFV;Universidade Federal de Viçosa - Centro de Ensino e Desenvolvimento Agrário da UFV;03/08/2009 16:17:32;MG;Florestal
2;;null;UNIVERSIDADE FEDERAL DO CARIRI - UFCA;16/01/2014 16:40:59;CE;Juazeiro do Norte
2;;UFMA;Universidade Federal do Maranhão - Colégio Universitário;03/09/2009 14:38:55;MA;São Luís
2;;null;UNIVERSIDADE FEDERAL DO MATO GROSSO DO SUL CENTRO DE CAPACITAÇÃO EM SAÚDE E AMBIENTE;01/02/2012 16:32:02;MS;Campo Grande
2;;UFPA;Universidade Federal do Pará - Escola de Música da UFPA;03/09/2009 15:01:55;PA;Belém
2;;UFPA;Universidade Federal do Pará - Escola de Teatro e Dança da UFPA;03/09/2009 15:06:43;PA;Belém
2;;null;UNIVERSIDADE FEDERAL DO PARANÁ SETOR DE EDUCAÇÃO PROFISSIONAL E TECNÓLOGICA;29/06/2010 16:37:01;PR;Curitiba
2;;UFRN;Universidade Federal do Rio Grande do Norte - Escola Agrícola de Jundiaí da UFRN;12/05/2009 21:04:57;RN;Macaíba
2;;UFRN;Universidade Federal do Rio Grande do Norte - Escola de Enfermagem da UFRN;22/05/2009 15:29:50;RN;Natal
2;;UFRN;Universidade Federal do Rio Grande do Norte - Escola de Música da UFRN;15/04/2009 15:31:31;RN;Natal
2;;null;UNIVERSIDADE FEDERAL DO RIO GRANDE DO SUL;13/04/2016 16:12:06;RS;Porto Alegre
2;;UFRPE;Universidade Federal do Rural de Pernambuco - Colégio Agrícola Dom Agostinho Ikas da UFRPE;03/09/2009 14:39:14;PE;São Lourenço da Mata
2;;UFTM;Universidade Federal do Triângulo Mineiro - Centro de Formação Especial em Saúde da UFTM;21/08/2009 07:03:00;MG;Uberaba
2;;UFRRJ;Universidade Federal Rural do Rio de Janeiro - Colégio Técnico da UFRRJ;03/09/2009 14:42:25;RJ;Seropédica
2;;null;UNIVERSIDADE TEC. FEDER.DO PR-CAMPUS PONTA GROSSA;28/04/2009 15:11:58;PR;Ponta Grossa
2;;null;UNIVERSIDADE TECNOLOGIA FEDERAL DO PARANÁ;26/11/2008 14:53:31;PR;Apucarana
2;;null;UNIVERSIDADE TECNOLOGICA FEDERAL DO PARANÁ;16/12/2008 15:54:42;PR;Ponta Grossa
2;;null;UNIVERSIDADE TECNOLÓGICA FEDERAL DO PARANÁ;24/11/2008 08:25:05;PR;Curitiba
2;;null;universidade tecnológica federal do parana campo mourão;25/11/2008 15:45:16;PR;Campo Mourão
2;;null;universidade tecnologica federal do parana campos londrina;20/11/2008 17:28:43;PR;Londrina
2;;null;universidade tecnológica federal do paraná-campos pato branco;27/11/2008 10:18:04;PR;Pato Branco
2;;UTFPR;Universidade Tecnológica Federal do Paraná - Campus Apucarana;27/05/2009 17:13:25;PR;Apucarana
2;;UTFPR;Universidade Tecnológica Federal do Paraná - Campus Campo Mourão;14/04/2009 14:32:25;PR;Campo Mourão
2;;UTFPR;Universidade Tecnológica Federal do Paraná - Campus Cornélio Procópio;27/04/2009 14:51:03;PR;Cornélio Procópio
2;;UTFPR;Universidade Tecnológica Federal do Paraná - Campus Curitiba U;23/03/2009 10:33:31;PR;Curitiba
2;;UTFPR;Universidade Tecnológica Federal do Paraná - Campus Dois Vizinhos;08/04/2009 14:56:31;PR;Dois Vizinhos
2;;null;UNIVERSIDADE TECNOLÓGICA FEDERAL DO PARANÁ_CAMPUS DOIS VIZINHOS;02/12/2008 17:49:41;PR;Dois Vizinhos
2;;UTFPR;Universidade Tecnológica Federal do Paraná - Campus Londrina U;17/04/2009 09:07:03;PR;Londrina
2;;UTFPR;Universidade Tecnológica Federal do Paraná - Campus Medianeira;26/05/2009 11:31:06;PR;Medianeira
2;;UTFPR;Universidade Tecnológica Federal do Paraná - Campus Pato Branco;06/05/2009 15:05:07;PR;Pato Branco
2;;UTFPR;Universidade Tecnológica Federal do Paraná - Campus Ponta Grossa;29/04/2009 16:00:45;PR;Ponta Grossa
2;;null;Universidade Tecnológica Federal do Paraná - Campus Toledo;27/08/2009 14:46:08;PR;Toledo
2;;UTFPR;UNIVERSIDADE TECNOLÓGICA FEDERAL DO PARANÁ CAMPUS TOLEDO;22/04/2009 16:32:08;PR;Toledo
2;;null;universidade tecnologica federal do peraná campus medianeira;27/11/2008 09:43:08;PR;Medianeira
